velocity_data_x,velocity_data_y,velocity_data_z
-0.134012,0.4664689999999999,-0.051024
-0.202646,0.543844,-0.040844
-0.202646,0.543844,-0.040844
-0.267686,0.621683,-0.03117
-0.299013,0.660611,-0.0266
-0.329513,0.6993090000000001,-0.022177
-0.359074,0.737451,-0.0179
-0.387509,0.774519,-0.013663
-0.414533,0.809782,-0.009355
-0.439797,0.842406,-0.005043
-0.462959,0.871618,-0.000953
-0.483771,0.8968649999999999,0.002688
-0.502163,0.917954,0.00591
-0.518217,0.934982,0.00873
-0.532127,0.948215,0.011137
-0.544154,0.957989,0.0131349999999999
-0.554578,0.964652,0.014728
-0.5636720000000001,0.968552,0.01593
-0.571688,0.970043,0.016772
-0.578859,0.969513,0.017218
-0.585429,0.967461,0.017349
-0.5916560000000001,0.964507,0.017332
-0.597777,0.961288,0.017234
-0.604002,0.958377,0.0171
-0.610476,0.956235,0.016874
-0.617276,0.955196,0.016515
-0.624409,0.955471,0.016035
-0.6318229999999999,0.957163,0.015356
-0.639426,0.96029,0.014346
-0.647111,0.964805,0.012934
-0.654762,0.970612,0.011071
-0.662271,0.977591,0.008784
-0.669554,0.985611,0.006156
-0.676551,0.994543,0.003292
-0.683225,1.004263,0.000297
-0.689565,1.0146540000000002,-0.002753
-0.695571,1.025606,-0.00588
-0.7012609999999999,1.03702,-0.009112
-0.706663,1.048815,-0.012428
-0.711807,1.060919,-0.015766
-0.716716,1.0732540000000002,-0.019058
-0.721409,1.085742,-0.022224
-0.725901,1.098315,-0.0251729999999999
-0.7302069999999999,1.110915,-0.027813
-0.734341,1.123497,-0.0300839999999999
-0.738319,1.136027,-0.031973
-0.742157,1.148483,-0.033469
-0.745871,1.160853,-0.034577
-0.749475,1.173134,-0.03532
-0.752984,1.185331,-0.035704
-0.756408,1.197457,-0.035723
-0.759758,1.209527,-0.03536
-0.763041,1.221561,-0.034594
-0.76626,1.233578,-0.033402
-0.769417,1.2455969999999998,-0.0317649999999999
-0.77251,1.257635,-0.029679
-0.7755340000000001,1.269703,-0.027194
-0.778485,1.281808,-0.024377
-0.781355,1.293959,-0.02128
-0.784142,1.306159,-0.017943
-0.7868390000000001,1.318412,-0.014397
-0.789445,1.33072,-0.010666
-0.7919579999999999,1.343085,-0.006772
-0.794376,1.355501,-0.002781
-0.7966989999999999,1.3679629999999998,0.001191
-0.798927,1.380462,0.00506
-0.801064,1.392993,0.008777
-0.803111,1.405553,0.012318
-0.805074,1.418137,0.015668
-0.806955,1.43074,0.018791
-0.808757,1.443358,0.021643
-0.810484,1.455985,0.024203
-0.812142,1.468618,0.026463
-0.813733,1.481257,0.028431
-0.815261,1.493898,0.030123
-0.8167260000000001,1.506533,0.0315579999999999
-0.818126,1.519143,0.032755
-0.819456,1.5317,0.033729
-0.821865,1.556492,0.035061
-0.8229190000000001,1.56863,0.035441
-0.8238540000000001,1.5805280000000002,0.035649
-0.8246549999999999,1.592133,0.035715
-0.825299,1.603372,0.035638
-0.8257610000000001,1.614154,0.035411
-0.8260129999999999,1.624381,0.035031
-0.826034,1.633974,0.034492
-0.825808,1.642873,0.033798
-0.825325,1.65105,0.0329649999999999
-0.824584,1.6585,0.032014
-0.8235889999999999,1.665238,0.030969
-0.8223459999999999,1.671296,0.0298519999999999
-0.820867,1.676713,0.0286839999999999
-0.819167,1.681531,0.027482
-0.81726,1.6857970000000002,0.026262
-0.8151649999999999,1.689555,0.025037
-0.812898,1.6928439999999998,0.023819
-0.810473,1.695703,0.022615
-0.807905,1.698166,0.021429
-0.80521,1.700263,0.020259
-0.802399,1.702022,0.019103
-0.799484,1.7034669999999998,0.017961
-0.796477,1.704622,0.016833
-0.793387,1.7055049999999998,0.015722
-0.790223,1.7061380000000002,0.014631
-0.786992,1.706536,0.013562
-0.7837,1.706718,0.012518
-0.780354,1.706698,0.011504
-0.776958,1.706491,0.0105209999999999
-0.773518,1.7061110000000002,0.009571
-0.770038,1.705569,0.0086579999999999
-0.766521,1.704877,0.007781
-0.762972,1.704046,0.006942
-0.759393,1.703086,0.006143
-0.755787,1.702004,0.005383
-0.752159,1.700809,0.004663
-0.74851,1.6995080000000002,0.003982
-0.744843,1.698107,0.0033399999999999
-0.741162,1.696612,0.002737
-0.737467,1.69503,0.002172
-0.733762,1.693364,0.001644
-0.73005,1.69162,0.001152
-0.7263310000000001,1.689802,0.000695
-0.7226090000000001,1.687915,0.000272
-0.718885,1.68596,-0.000118
-0.715162,1.683944,-0.0004769999999999
-0.71144,1.68187,-0.000805
-0.707723,1.679739,-0.001104
-0.7040109999999999,1.677557,-0.001376
-0.7003060000000001,1.675326,-0.001621
-0.6966100000000001,1.67305,-0.001842
-0.692924,1.6707299999999998,-0.002038
-0.68925,1.6683709999999998,-0.0022129999999999
-0.685589,1.665974,-0.002366
-0.681942,1.663543,-0.0025
-0.6783100000000001,1.6610790000000002,-0.0026149999999999
-0.6746939999999999,1.6585869999999998,-0.0027129999999999
-0.671096,1.6560669999999995,-0.0027949999999999
-0.667516,1.653523,-0.002862
-0.663956,1.650955,-0.002915
-0.660416,1.648368,-0.002955
-0.6568970000000001,1.645762,-0.002984
-0.653401,1.643139,-0.003001
-0.649927,1.640502,-0.003008
-0.6464770000000001,1.637852,-0.003006
-0.64305,1.635191,-0.002996
-0.639649,1.632521,-0.002979
-0.636273,1.629843,-0.002954
-0.6329229999999999,1.627158,-0.002924
-0.6296,1.624469,-0.002888
-0.626305,1.621777,-0.0028469999999999
-0.623037,1.619082,-0.002802
-0.616586,1.613692,-0.002701
-0.6134029999999999,1.611,-0.002647
-0.610251,1.60831,-0.00259
-0.607128,1.605625,-0.002531
-0.604035,1.602945,-0.002472
-0.600973,1.600272,-0.002411
-0.597942,1.597606,-0.002349
-0.594942,1.594949,-0.002287
-0.591974,1.5923,-0.002225
-0.5890380000000001,1.589662,-0.002163
-0.586133,1.587036,-0.002101
-0.5832609999999999,1.584421,-0.0020399999999999
-0.580422,1.581819,-0.001979
-0.577615,1.57923,-0.0019199999999999
-0.574842,1.576656,-0.001861
-0.572102,1.574096,-0.0018039999999999
-0.569395,1.571552,-0.001748
-0.56672,1.569023,-0.001693
-0.564078,1.566511,-0.00164
-0.5614680000000001,1.564014,-0.001589
-0.558891,1.561534,-0.00154
-0.556345,1.559071,-0.001492
-0.5538310000000001,1.556625,-0.001447
-0.551349,1.554198,-0.001403
-0.5489,1.55179,-0.001361
-0.546484,1.549402,-0.001321
-0.5441,1.547033,-0.001282
-0.541751,1.544685,-0.0012439999999999
-0.539435,1.542358,-0.001209
-0.537153,1.540053,-0.001175
-0.534905,1.537769,-0.001142
-0.53269,1.535507,-0.001111
-0.530508,1.533267,-0.001082
-0.528358,1.531049,-0.0010539999999999
-0.5262399999999999,1.528853,-0.0010279999999999
-0.524154,1.526678,-0.001004
-0.522099,1.524525,-0.000981
-0.520075,1.5223950000000002,-0.0009599999999999
-0.5180819999999999,1.5202870000000002,-0.00094
-0.51612,1.518201,-0.000921
-0.5141899999999999,1.516139,-0.000904
-0.5122899999999999,1.514099,-0.0008869999999999
-0.510422,1.512083,-0.000872
-0.508584,1.51009,-0.000857
-0.506777,1.5081209999999998,-0.0008439999999999
-0.505,1.506174,-0.000831
-0.503253,1.504251,-0.00082
-0.501534,1.502351,-0.0008089999999999
-0.499845,1.500474,-0.000799
-0.498184,1.49862,-0.000791
-0.496552,1.496789,-0.000782
-0.4949479999999999,1.494981,-0.000775
-0.493372,1.493196,-0.000768
-0.4918229999999999,1.491434,-0.000762
-0.490303,1.489696,-0.0007559999999999
-0.48881,1.48798,-0.00075
-0.487345,1.486289,-0.000745
-0.485907,1.48462,-0.00074
-0.484496,1.482974,-0.000735
-0.483112,1.481351,-0.000731
-0.481753,1.479751,-0.000727
-0.480421,1.478174,-0.000724
-0.479114,1.476619,-0.00072
-0.477833,1.475088,-0.000717
-0.476578,1.4735790000000002,-0.000714
-0.4753479999999999,1.472093,-0.000711
-0.4741439999999999,1.47063,-0.000708
-0.472964,1.469189,-0.000705
-0.471809,1.46777,-0.0007019999999999
-0.470678,1.466374,-0.000699
-0.468487,1.463646,-0.000694
-0.468487,1.463646,-0.000694
-0.466389,1.461006,-0.0006889999999999
-0.466389,1.461006,-0.0006889999999999
-0.4643819999999999,1.458451,-0.000684
-0.4634109999999999,1.457205,-0.000682
-0.462462,1.4559799999999998,-0.000679
-0.461534,1.454775,-0.000676
-0.460627,1.453591,-0.000674
-0.459741,1.452427,-0.000671
-0.458875,1.451283,-0.000668
-0.458029,1.450159,-0.000666
-0.457204,1.449055,-0.000663
-0.4563979999999999,1.447971,-0.00066
-0.4556119999999999,1.446906,-0.000657
-0.4548439999999999,1.445861,-0.000654
-0.454096,1.444835,-0.00065
-0.453366,1.443828,-0.000647
-0.452655,1.44284,-0.000644
-0.451962,1.44187,-0.000641
-0.451288,1.440919,-0.000637
-0.450631,1.439986,-0.000634
-0.449991,1.439071,-0.00063
-0.4493689999999999,1.438174,-0.0006259999999999
-0.448764,1.437295,-0.000623
-0.448175,1.436433,-0.000619
-0.447603,1.435588,-0.000615
-0.447047,1.43476,-0.000611
-0.446507,1.433949,-0.000607
-0.445982,1.433154,-0.000603
-0.4454729999999999,1.432377,-0.000599
-0.444979,1.431615,-0.000595
-0.444499,1.430869,-0.000591
-0.444034,1.43014,-0.000587
-0.443583,1.429426,-0.000582
-0.443146,1.428728,-0.000578
-0.442723,1.428045,-0.000573
-0.442314,1.427378,-0.000569
-0.441917,1.426725,-0.000565
-0.441534,1.426087,-0.000561
-0.441163,1.4254639999999998,-0.000556
-0.440806,1.424855,-0.000552
-0.440461,1.424261,-0.000548
-0.4401279999999999,1.4236799999999998,-0.000544
-0.4398069999999999,1.423113,-0.00054
-0.439497,1.42256,-0.000537
-0.4391989999999999,1.42202,-0.000533
-0.4389119999999999,1.421493,-0.00053
-0.438637,1.42098,-0.000526
-0.4383729999999999,1.420478,-0.000523
-0.43812,1.41999,-0.000519
-0.437878,1.419514,-0.000516
-0.437646,1.41905,-0.000512
-0.437424,1.418598,-0.000509
-0.4372109999999999,1.418158,-0.0005059999999999
-0.437008,1.417729,-0.000503
-0.436814,1.4173129999999998,-0.0005
-0.436629,1.416907,-0.0004969999999999
-0.436453,1.416513,-0.000494
-0.4362859999999999,1.416131,-0.000492
-0.436129,1.415759,-0.000489
-0.435981,1.415399,-0.000486
-0.435842,1.415049,-0.000483
-0.435712,1.414709,-0.0004799999999999
-0.435589,1.41438,-0.0004769999999999
-0.435475,1.414061,-0.000474
-0.435368,1.413751,-0.000471
-0.435268,1.413451,-0.000469
-0.435175,1.41316,-0.000466
-0.435089,1.412878,-0.0004639999999999
-0.435009,1.412605,-0.000461
-0.434934,1.412341,-0.000459
-0.4348649999999999,1.412086,-0.000457
-0.434802,1.41184,-0.000454
-0.434743,1.411602,-0.000452
-0.4346899999999999,1.411373,-0.00045
-0.434642,1.411153,-0.0004469999999999
-0.4345989999999999,1.41094,-0.000445
-0.434563,1.410736,-0.000443
-0.434532,1.410539,-0.00044
-0.434508,1.410351,-0.0004379999999999
-0.4344909999999999,1.410169,-0.0004349999999999
-0.43448,1.409995,-0.000433
-0.434477,1.409828,-0.00043
-0.43449,1.409515,-0.000426
-0.434506,1.409367,-0.000423
-0.434529,1.409226,-0.000421
-0.434556,1.409092,-0.0004179999999999
-0.434589,1.408963,-0.000416
-0.434627,1.40884,-0.000414
-0.43467,1.408724,-0.000411
-0.434717,1.408613,-0.0004089999999999
-0.434768,1.408508,-0.000407
-0.434824,1.408409,-0.000404
-0.434883,1.408315,-0.0004019999999999
-0.434946,1.408228,-0.000399
-0.435013,1.408146,-0.000397
-0.435084,1.408069,-0.000395
-0.4351569999999999,1.407997,-0.000392
-0.435233,1.40793,-0.00039
-0.4353109999999999,1.407868,-0.000387
-0.4353899999999999,1.407811,-0.000385
-0.4354699999999999,1.407759,-0.0003819999999999
-0.43555,1.4077110000000002,-0.0003799999999999
-0.435631,1.407668,-0.0003779999999999
-0.435713,1.407629,-0.000376
-0.435795,1.407594,-0.000373
-0.435877,1.407563,-0.000371
-0.435961,1.407536,-0.0003689999999999
-0.4360449999999999,1.407513,-0.000366
-0.436131,1.407494,-0.000364
-0.436217,1.407479,-0.000361
-0.436306,1.407468,-0.000359
-0.436396,1.407459,-0.000356
-0.436488,1.407455,-0.000354
-0.4365819999999999,1.407454,-0.000352
-0.4366779999999999,1.407456,-0.000349
-0.436776,1.407461,-0.000347
-0.436876,1.407469,-0.000344
-0.436978,1.4074799999999998,-0.000342
-0.4370819999999999,1.407494,-0.000339
-0.437188,1.40751,-0.000336
-0.437296,1.407529,-0.000334
-0.437406,1.40755,-0.000331
-0.437518,1.407574,-0.000329
-0.4376319999999999,1.407601,-0.0003259999999999
-0.4377479999999999,1.407629,-0.000324
-0.4378649999999999,1.40766,-0.000321
-0.437984,1.407693,-0.000319
-0.438105,1.407728,-0.000316
-0.4382279999999999,1.407766,-0.000314
-0.438353,1.407805,-0.000312
-0.438478,1.4078469999999998,-0.000309
-0.438605,1.40789,-0.000306
-0.438731,1.407936,-0.000304
-0.4388579999999999,1.407984,-0.000301
-0.438983,1.408034,-0.000299
-0.439108,1.408085,-0.000296
-0.439231,1.408139,-0.000294
-0.439354,1.408194,-0.000292
-0.439475,1.408251,-0.000289
-0.439596,1.408309,-0.000287
-0.439716,1.408368,-0.0002839999999999
-0.4398359999999999,1.4084290000000002,-0.0002819999999999
-0.439955,1.408492,-0.00028
-0.440075,1.408556,-0.000277
-0.440194,1.408621,-0.000275
-0.4403149999999999,1.408688,-0.000272
-0.440435,1.408755,-0.00027
-0.440557,1.408824,-0.000267
-0.440679,1.408894,-0.000264
-0.440802,1.408964,-0.000262
-0.440926,1.409036,-0.000259
-0.441051,1.409108,-0.0002569999999999
-0.441177,1.409181,-0.000254
-0.441303,1.4092559999999998,-0.000252
-0.441431,1.40933,-0.000249
-0.4416859999999999,1.409481,-0.000244
-0.441813,1.409557,-0.000242
-0.441939,1.409634,-0.000239
-0.442063,1.409712,-0.000237
-0.4421859999999999,1.40979,-0.000234
-0.4423069999999999,1.409869,-0.0002319999999999
-0.442427,1.409948,-0.000229
-0.4425439999999999,1.410028,-0.000227
-0.4426609999999999,1.410108,-0.000225
-0.442776,1.410188,-0.000222
-0.4428899999999999,1.410269,-0.00022
-0.443004,1.410351,-0.000217
-0.443117,1.410432,-0.000215
-0.44323,1.410514,-0.000212
-0.443343,1.410597,-0.00021
-0.443456,1.41068,-0.000207
-0.4435689999999999,1.410762,-0.000205
-0.4436819999999999,1.410845,-0.000202
-0.443795,1.410928,-0.0002
-0.443909,1.411011,-0.000197
-0.4440229999999999,1.411094,-0.000195
-0.444138,1.411177,-0.000192
-0.4442529999999999,1.41126,-0.0001899999999999
-0.444368,1.411343,-0.000187
-0.444484,1.411426,-0.000185
-0.4445989999999999,1.411509,-0.000182
-0.444714,1.411591,-0.00018
-0.444828,1.411674,-0.000178
-0.4449399999999999,1.411756,-0.000176
-0.44505,1.4118389999999998,-0.000174
-0.445158,1.41192,-0.000172
-0.445264,1.412003,-0.000171
-0.445367,1.412085,-0.0001699999999999
-0.4454689999999999,1.412167,-0.000168
-0.4455689999999999,1.412248,-0.000167
-0.445668,1.41233,-0.000166
-0.4457649999999999,1.412411,-0.000165
-0.445862,1.412492,-0.000164
-0.445957,1.412573,-0.0001629999999999
-0.446052,1.412654,-0.000162
-0.446147,1.412735,-0.000162
-0.446241,1.412815,-0.000161
-0.446335,1.412895,-0.00016
-0.446429,1.412975,-0.00016
-0.4465229999999999,1.413054,-0.000159
-0.446617,1.413133,-0.000158
-0.4467109999999999,1.413211,-0.000158
-0.446805,1.41329,-0.000158
-0.4469,1.413367,-0.000157
-0.4469939999999999,1.413444,-0.000157
-0.447089,1.4135209999999998,-0.000157
-0.447184,1.413597,-0.000157
-0.44728,1.413673,-0.000157
-0.447375,1.413748,-0.000156
-0.44747,1.413823,-0.000156
-0.447565,1.413897,-0.000156
-0.447659,1.413971,-0.000156
-0.447752,1.414045,-0.000156
-0.447842,1.414118,-0.000156
-0.447931,1.414191,-0.000156
-0.448017,1.4142629999999998,-0.000156
-0.448101,1.414335,-0.000156
-0.4481819999999999,1.414407,-0.000156
-0.448262,1.414478,-0.000157
-0.448339,1.414549,-0.000157
-0.4484149999999999,1.414619,-0.000157
-0.4484899999999999,1.414689,-0.000157
-0.448563,1.414758,-0.000157
-0.448635,1.414828,-0.000157
-0.448706,1.414896,-0.000158
-0.448777,1.414964,-0.000158
-0.448847,1.415032,-0.000158
-0.448917,1.415099,-0.000158
-0.4489869999999999,1.415165,-0.000158
-0.449056,1.415231,-0.000158
-0.449126,1.415297,-0.000158
-0.449264,1.415425,-0.000158
-0.449334,1.415489,-0.000158
-0.449403,1.415552,-0.000158
-0.4494729999999999,1.415614,-0.000159
-0.449542,1.415677,-0.000159
-0.449612,1.415738,-0.000159
-0.449681,1.4158,-0.000159
-0.449751,1.41586,-0.000159
-0.449821,1.415921,-0.000159
-0.449891,1.41598,-0.000159
-0.4499609999999999,1.41604,-0.000159
-0.450031,1.416098,-0.000159
-0.450102,1.416156,-0.000159
-0.450172,1.416214,-0.000159
-0.450243,1.4162709999999998,-0.000159
-0.450314,1.416328,-0.000159
-0.450384,1.416385,-0.000159
-0.450455,1.41644,-0.000159
-0.450524,1.416496,-0.000159
-0.450593,1.416551,-0.000159
-0.450659,1.416605,-0.000159
-0.4507229999999999,1.416659,-0.000159
-0.450785,1.416712,-0.000159
-0.450845,1.416764,-0.00016
-0.450902,1.416816,-0.00016
-0.450956,1.416867,-0.00016
-0.451009,1.416918,-0.00016
-0.45106,1.416969,-0.00016
-0.451109,1.417019,-0.00016
-0.451156,1.417068,-0.00016
-0.4512029999999999,1.417118,-0.00016
-0.451248,1.417166,-0.000161
-0.451293,1.417215,-0.000161
-0.451338,1.417263,-0.000161
-0.451381,1.417311,-0.000161
-0.451425,1.417358,-0.000161
-0.451468,1.417405,-0.000161
-0.4515109999999999,1.417451,-0.000161
-0.451555,1.417498,-0.000161
-0.4515979999999999,1.417543,-0.000161
-0.4516409999999999,1.4175879999999998,-0.000161
-0.451684,1.417633,-0.000161
-0.451727,1.417678,-0.000161
-0.45177,1.417722,-0.000161
-0.451813,1.417765,-0.000161
-0.451856,1.417808,-0.000161
-0.451899,1.417851,-0.000161
-0.451942,1.417893,-0.000161
-0.451985,1.417935,-0.000161
-0.452028,1.417976,-0.000161
-0.452071,1.418016,-0.000161
-0.452115,1.418056,-0.000161
-0.452158,1.418096,-0.000161
-0.452201,1.418136,-0.000161
-0.452244,1.418174,-0.000161
-0.452287,1.418213,-0.000161
-0.452331,1.418251,-0.000161
-0.452374,1.418289,-0.000161
-0.452418,1.418326,-0.000161
-0.4524609999999999,1.4183629999999998,-0.000161
-0.452505,1.4184,-0.000161
-0.452549,1.4184370000000002,-0.000161
-0.452593,1.418473,-0.000161
-0.452637,1.418509,-0.000161
-0.452681,1.418544,-0.000162
-0.452726,1.418579,-0.000162
-0.45277,1.418614,-0.000162
-0.4528149999999999,1.418649,-0.000162
-0.452859,1.418684,-0.000162
-0.452904,1.418718,-0.000162
-0.452949,1.418752,-0.000161
-0.4529939999999999,1.418785,-0.000161
-0.4530399999999999,1.418818,-0.000161
-0.453085,1.418851,-0.000161
-0.45313,1.418883,-0.000162
-0.453176,1.418915,-0.000162
-0.453222,1.4189459999999998,-0.000162
-0.453268,1.418977,-0.000162
-0.453314,1.419008,-0.000162
-0.453405,1.419069,-0.000161
-0.45345,1.419099,-0.000161
-0.4534939999999999,1.419129,-0.000161
-0.453535,1.419158,-0.000161
-0.453575,1.419187,-0.000161
-0.453612,1.419216,-0.000161
-0.453646,1.419244,-0.000162
-0.453679,1.419272,-0.000162
-0.453708,1.419299,-0.000162
-0.453736,1.419327,-0.000162
-0.453762,1.419354,-0.000162
-0.453787,1.41938,-0.000162
-0.45381,1.419407,-0.000162
-0.4538319999999999,1.419434,-0.000162
-0.4538529999999999,1.41946,-0.000162
-0.4538729999999999,1.419486,-0.000162
-0.453893,1.419512,-0.000162
-0.453913,1.419538,-0.000162
-0.4539319999999999,1.419564,-0.000162
-0.453952,1.41959,-0.000161
-0.453971,1.419615,-0.000161
-0.4539899999999999,1.41964,-0.000161
-0.454009,1.419665,-0.000161
-0.454028,1.419689,-0.000161
-0.454047,1.419713,-0.000161
-0.4540659999999999,1.419736,-0.000161
-0.454085,1.419758,-0.000161
-0.454104,1.419781,-0.000161
-0.4541229999999999,1.419803,-0.000161
-0.454143,1.419825,-0.000161
-0.454162,1.419846,-0.000161
-0.454181,1.419867,-0.000161
-0.454201,1.419889,-0.000161
-0.4542199999999999,1.41991,-0.000161
-0.45424,1.419931,-0.000161
-0.454259,1.419952,-0.000161
-0.454279,1.419973,-0.000161
-0.4542989999999999,1.419994,-0.000161
-0.454319,1.420015,-0.000161
-0.454339,1.420037,-0.00016
-0.454359,1.420058,-0.00016
-0.454379,1.420079,-0.00016
-0.454399,1.420101,-0.00016
-0.45442,1.420123,-0.00016
-0.4544399999999999,1.420145,-0.00016
-0.4544609999999999,1.420166,-0.00016
-0.454482,1.420188,-0.00016
-0.454502,1.420211,-0.00016
-0.4545229999999999,1.420233,-0.00016
-0.4545439999999999,1.4202549999999998,-0.00016
-0.4545659999999999,1.4202780000000002,-0.00016
-0.4545869999999999,1.420301,-0.00016
-0.454608,1.420323,-0.000159
-0.45463,1.420346,-0.000159
-0.454652,1.420368,-0.000159
-0.4546739999999999,1.42039,-0.000159
-0.454696,1.420411,-0.000159
-0.454718,1.420432,-0.000159
-0.45474,1.420453,-0.000159
-0.454762,1.420472,-0.000159
-0.454785,1.420491,-0.000159
-0.454808,1.42051,-0.000159
-0.45483,1.420528,-0.000159
-0.4548529999999999,1.4205450000000002,-0.000159
-0.454876,1.420562,-0.000159
-0.454899,1.420579,-0.000159
-0.454922,1.420595,-0.000159
-0.454946,1.420611,-0.000159
-0.4549689999999999,1.420627,-0.000159
-0.454993,1.420642,-0.000159
-0.455016,1.420657,-0.000159
-0.4550399999999999,1.420673,-0.000159
-0.455064,1.420688,-0.000159
-0.455088,1.4207040000000002,-0.000159
-0.455113,1.420719,-0.000159
-0.455137,1.420735,-0.000159
-0.455162,1.42075,-0.000159
-0.455187,1.420766,-0.000159
-0.455212,1.4207809999999998,-0.000159
-0.455237,1.420797,-0.000159
-0.455263,1.420813,-0.000159
-0.455289,1.42083,-0.000159
-0.4553149999999999,1.4208459999999998,-0.000159
-0.455341,1.420862,-0.000159
-0.4553939999999999,1.420895,-0.000159
-0.455421,1.4209120000000002,-0.000159
-0.455421,1.4209120000000002,-0.000159
-0.455475,1.4209459999999998,-0.000159
-0.455503,1.420963,-0.000159
-0.45553,1.42098,-0.000159
-0.455558,1.420998,-0.000159
-0.4555869999999999,1.421015,-0.000159
-0.4556149999999999,1.421033,-0.000159
-0.4556439999999999,1.421051,-0.000158
-0.455672,1.421069,-0.000158
-0.455702,1.421086,-0.000158
-0.455731,1.421104,-0.000158
-0.45576,1.4211200000000002,-0.000158
-0.45579,1.421137,-0.000158
-0.45582,1.421153,-0.000158
-0.45585,1.421168,-0.000158
-0.45588,1.421183,-0.000158
-0.4559109999999999,1.421198,-0.000158
-0.455941,1.421212,-0.000158
-0.455972,1.421227,-0.000159
-0.456003,1.42124,-0.000159
-0.456034,1.421254,-0.000159
-0.4560659999999999,1.421268,-0.000159
-0.4560979999999999,1.421281,-0.000159
-0.45613,1.421295,-0.000159
-0.456162,1.421309,-0.000158
-0.4561949999999999,1.421322,-0.000158
-0.4562279999999999,1.4213360000000002,-0.000158
-0.4562609999999999,1.42135,-0.000158
-0.456295,1.4213639999999998,-0.000158
-0.4563279999999999,1.421378,-0.000158
-0.456362,1.421392,-0.000158
-0.456396,1.421406,-0.000158
-0.456428,1.42142,-0.000158
-0.45646,1.421434,-0.000158
-0.456489,1.421448,-0.000158
-0.456517,1.421462,-0.000158
-0.456542,1.421475,-0.000158
-0.4565649999999999,1.421489,-0.000158
-0.456585,1.421502,-0.000158
-0.456603,1.421515,-0.000159
-0.4566189999999999,1.421528,-0.000159
-0.456633,1.421541,-0.000159
-0.4566449999999999,1.421554,-0.000159
-0.456656,1.421568,-0.000159
-0.4566659999999999,1.421581,-0.000159
-0.456675,1.421594,-0.000159
-0.456683,1.421608,-0.00016
-0.4566909999999999,1.421621,-0.00016
-0.4566989999999999,1.421635,-0.00016
-0.456706,1.421649,-0.00016
-0.456713,1.421662,-0.00016
-0.456719,1.421676,-0.00016
-0.456726,1.42169,-0.00016
-0.456733,1.421704,-0.00016
-0.45674,1.421718,-0.00016
-0.456746,1.421733,-0.00016
-0.4567529999999999,1.421747,-0.00016
-0.45676,1.421762,-0.00016
-0.456767,1.421776,-0.00016
-0.4567739999999999,1.421791,-0.00016
-0.456781,1.421806,-0.00016
-0.456788,1.42182,-0.00016
-0.456795,1.421835,-0.00016
-0.456802,1.421849,-0.00016
-0.456809,1.421863,-0.00016
-0.456817,1.421876,-0.00016
-0.4568239999999999,1.421889,-0.00016
-0.456831,1.421901,-0.000161
-0.456839,1.421913,-0.000161
-0.456846,1.421925,-0.000161
-0.4568529999999999,1.421936,-0.000161
-0.4568609999999999,1.4219469999999998,-0.000161
-0.456868,1.421958,-0.000161
-0.456876,1.421968,-0.000161
-0.456883,1.421979,-0.000161
-0.4568979999999999,1.422,-0.000161
-0.456906,1.422011,-0.000161
-0.456914,1.422021,-0.000161
-0.456921,1.422032,-0.000161
-0.456929,1.422043,-0.000161
-0.456937,1.4220540000000002,-0.000161
-0.456945,1.422065,-0.000161
-0.456953,1.422076,-0.000161
-0.456962,1.422087,-0.000162
-0.45697,1.422098,-0.000162
-0.456978,1.422109,-0.000162
-0.456987,1.422121,-0.000162
-0.456996,1.422132,-0.000162
-0.457005,1.422144,-0.000162
-0.457014,1.422156,-0.000162
-0.4570229999999999,1.422168,-0.000162
-0.457032,1.42218,-0.000162
-0.457041,1.422192,-0.000162
-0.457051,1.422204,-0.000162
-0.45706,1.422217,-0.000162
-0.45707,1.42223,-0.000162
-0.457079,1.422243,-0.000162
-0.457089,1.422256,-0.000162
-0.457099,1.422269,-0.000162
-0.457109,1.422282,-0.000162
-0.4571189999999999,1.422294,-0.000162
-0.457129,1.422307,-0.000162
-0.457139,1.42232,-0.000162
-0.4571489999999999,1.422332,-0.000162
-0.457159,1.422344,-0.000162
-0.4571689999999999,1.422357,-0.000162
-0.457179,1.422369,-0.000162
-0.457189,1.422381,-0.000162
-0.4572,1.422392,-0.000162
-0.45721,1.422404,-0.000162
-0.457221,1.422416,-0.000162
-0.457231,1.422428,-0.000162
-0.457242,1.42244,-0.000162
-0.4572529999999999,1.422451,-0.000162
-0.457264,1.4224629999999998,-0.000162
-0.457276,1.422476,-0.000162
-0.457287,1.422488,-0.000162
-0.4572989999999999,1.4225,-0.000162
-0.4573109999999999,1.422513,-0.000162
-0.457323,1.422525,-0.000162
-0.457334,1.422538,-0.000162
-0.457347,1.422551,-0.000162
-0.457359,1.422564,-0.000162
-0.457371,1.422576,-0.000162
-0.457384,1.422589,-0.000161
-0.457396,1.4226,-0.000161
-0.457409,1.422612,-0.000161
-0.457422,1.422623,-0.000161
-0.457435,1.422634,-0.000161
-0.457449,1.422644,-0.000161
-0.457462,1.4226530000000002,-0.000161
-0.457476,1.422662,-0.000161
-0.4574899999999999,1.422671,-0.000161
-0.457504,1.42268,-0.000161
-0.457518,1.422688,-0.000161
-0.457532,1.422697,-0.000161
-0.457547,1.422705,-0.000161
-0.4575609999999999,1.422713,-0.000161
-0.457576,1.422722,-0.000161
-0.4575909999999999,1.4227299999999998,-0.000161
-0.457606,1.4227379999999998,-0.000161
-0.457622,1.4227459999999998,-0.000161
-0.457638,1.422754,-0.000161
-0.457653,1.422762,-0.000161
-0.4576689999999999,1.422771,-0.000161
-0.457686,1.422779,-0.000161
-0.457702,1.422788,-0.000161
-0.457718,1.422797,-0.000161
-0.457735,1.422805,-0.000161
-0.457769,1.422823,-0.000161
-0.457769,1.422823,-0.000161
-0.4577859999999999,1.422832,-0.000161
-0.457821,1.422851,-0.000161
-0.457838,1.42286,-0.000161
-0.457856,1.4228690000000002,-0.000161
-0.457874,1.422879,-0.000161
-0.457892,1.4228889999999998,-0.000161
-0.45791,1.422899,-0.000161
-0.457928,1.422908,-0.000161
-0.457947,1.422918,-0.000161
-0.457966,1.422928,-0.00016
-0.457985,1.422939,-0.00016
-0.458004,1.422949,-0.00016
-0.4580229999999999,1.422959,-0.00016
-0.458043,1.42297,-0.00016
-0.4580619999999999,1.42298,-0.00016
-0.458082,1.422991,-0.00016
-0.458102,1.423002,-0.00016
-0.458122,1.423013,-0.00016
-0.458143,1.423024,-0.00016
-0.458163,1.423036,-0.00016
-0.458184,1.423047,-0.00016
-0.458205,1.423058,-0.00016
-0.458227,1.42307,-0.00016
-0.4582479999999999,1.423081,-0.00016
-0.458269,1.423093,-0.00016
-0.458291,1.4231049999999998,-0.00016
-0.458313,1.423117,-0.00016
-0.458335,1.42313,-0.00016
-0.4583569999999999,1.423142,-0.00016
-0.458379,1.423154,-0.00016
-0.458402,1.423166,-0.00016
-0.458424,1.423178,-0.00016
-0.458447,1.42319,-0.00016
-0.4584689999999999,1.423201,-0.00016
-0.458492,1.4232129999999998,-0.00016
-0.458514,1.423224,-0.00016
-0.458537,1.423235,-0.00016
-0.45856,1.423246,-0.00016
-0.458583,1.423258,-0.00016
-0.458606,1.423269,-0.00016
-0.458629,1.4232790000000002,-0.00016
-0.458652,1.423291,-0.00016
-0.458676,1.423301,-0.00016
-0.4586989999999999,1.423312,-0.00016
-0.4587229999999999,1.423323,-0.00016
-0.458747,1.423333,-0.00016
-0.458771,1.423343,-0.00016
-0.458795,1.423352,-0.00016
-0.458819,1.423361,-0.00016
-0.458844,1.42337,-0.00016
-0.4588689999999999,1.423377,-0.00016
-0.458893,1.423385,-0.00016
-0.4589189999999999,1.423392,-0.00016
-0.4589439999999999,1.423398,-0.00016
-0.4589689999999999,1.423404,-0.00016
-0.458995,1.42341,-0.00016
-0.459021,1.423416,-0.00016
-0.459047,1.4234209999999998,-0.00016
-0.4590729999999999,1.423427,-0.00016
-0.459099,1.423432,-0.00016
-0.459126,1.423438,-0.00016
-0.459152,1.423443,-0.00016
-0.459179,1.423449,-0.00016
-0.459206,1.423454,-0.00016
-0.459232,1.42346,-0.00016
-0.45926,1.423465,-0.00016
-0.459287,1.423471,-0.00016
-0.459314,1.423476,-0.00016
-0.459342,1.423482,-0.00016
-0.4593689999999999,1.423488,-0.00016
-0.459397,1.423494,-0.00016
-0.459424,1.423499,-0.00016
-0.459451,1.423506,-0.00016
-0.459477,1.423511,-0.00016
-0.459522,1.423524,-0.00016
-0.459542,1.42353,-0.00016
-0.459559,1.423536,-0.00016
-0.4595729999999999,1.423542,-0.00016
-0.459585,1.423549,-0.00016
-0.459595,1.423555,-0.00016
-0.459604,1.423562,-0.00016
-0.45961,1.423568,-0.00016
-0.4596149999999999,1.423575,-0.00016
-0.4596189999999999,1.423582,-0.00016
-0.459622,1.423589,-0.00016
-0.459624,1.423596,-0.00016
-0.459626,1.4236030000000002,-0.00016
-0.459627,1.42361,-0.00016
-0.459627,1.423617,-0.00016
-0.459628,1.423625,-0.00016
-0.459628,1.423633,-0.00016
-0.459628,1.42364,-0.00016
-0.459629,1.423648,-0.00016
-0.459629,1.423655,-0.00016
-0.459629,1.423663,-0.00016
-0.459628,1.423671,-0.00016
-0.459628,1.423679,-0.00016
-0.459628,1.423687,-0.00016
-0.459627,1.423696,-0.00016
-0.459627,1.423704,-0.00016
-0.459626,1.423712,-0.00016
-0.459626,1.423721,-0.00016
-0.459625,1.423729,-0.00016
-0.459624,1.423738,-0.00016
-0.4596229999999999,1.423747,-0.00016
-0.459622,1.423755,-0.00016
-0.459621,1.423764,-0.00016
-0.45962,1.423773,-0.00016
-0.4596189999999999,1.423782,-0.00016
-0.459618,1.423791,-0.00016
-0.459617,1.4238,-0.00016
-0.4596159999999999,1.42381,-0.00016
-0.4596149999999999,1.423819,-0.00016
-0.459613,1.423829,-0.00016
-0.4596119999999999,1.423838,-0.00016
-0.459611,1.423848,-0.00016
-0.459609,1.423858,-0.00016
-0.459608,1.423868,-0.00016
-0.459607,1.423877,-0.00016
-0.459605,1.4238879999999998,-0.000159
-0.459604,1.423898,-0.000159
-0.459602,1.423908,-0.000159
-0.459601,1.423918,-0.000159
-0.459599,1.423929,-0.000159
-0.4595979999999999,1.42394,-0.000159
-0.459596,1.423951,-0.000159
-0.459595,1.4239620000000002,-0.000159
-0.4595939999999999,1.423972,-0.000159
-0.459592,1.423983,-0.000159
-0.4595909999999999,1.423994,-0.000159
-0.459589,1.424006,-0.000159
-0.459588,1.424017,-0.000159
-0.4595869999999999,1.424028,-0.000159
-0.459585,1.42404,-0.000159
-0.459584,1.424052,-0.000159
-0.459583,1.424063,-0.000159
-0.459582,1.424075,-0.000159
-0.459581,1.424086,-0.000159
-0.459579,1.424098,-0.000159
-0.459578,1.424108,-0.000159
-0.459577,1.424119,-0.000159
-0.459576,1.424129,-0.000159
-0.459575,1.424138,-0.000159
-0.459574,1.424146,-0.000159
-0.4595729999999999,1.4241549999999998,-0.000159
-0.459572,1.4241629999999998,-0.000159
-0.459571,1.4241700000000002,-0.000159
-0.459571,1.424177,-0.000159
-0.45957,1.424184,-0.000159
-0.4595689999999999,1.424191,-0.000159
-0.4595689999999999,1.424197,-0.000159
-0.459568,1.424204,-0.000159
-0.459567,1.42421,-0.000159
-0.459567,1.424216,-0.000159
-0.459566,1.424223,-0.000159
-0.459566,1.4242290000000002,-0.000159
-0.459566,1.424235,-0.000159
-0.459566,1.424241,-0.000159
-0.4595649999999999,1.424247,-0.000159
-0.4595649999999999,1.424253,-0.000159
-0.459564,1.424258,-0.000159
-0.459564,1.4242629999999998,-0.000159
-0.459563,1.424273,-0.000159
-0.459563,1.4242780000000002,-0.000159
-0.459563,1.424282,-0.000159
-0.4595619999999999,1.4242860000000002,-0.000159
-0.4595619999999999,1.42429,-0.000159
-0.4595609999999999,1.424294,-0.000159
-0.4595609999999999,1.424298,-0.000159
-0.45956,1.424301,-0.000159
-0.45956,1.424305,-0.000159
-0.45956,1.424308,-0.000159
-0.45956,1.424312,-0.000159
-0.459559,1.424315,-0.000159
-0.459559,1.424319,-0.00016
-0.459559,1.424322,-0.00016
-0.459559,1.424326,-0.00016
-0.459559,1.42433,-0.00016
-0.45956,1.424333,-0.00016
-0.45956,1.4243370000000002,-0.00016
-0.45956,1.424341,-0.00016
-0.4595609999999999,1.424344,-0.00016
-0.4595609999999999,1.424348,-0.00016
-0.4595619999999999,1.424352,-0.00016
-0.4595619999999999,1.424356,-0.00016
-0.459563,1.424359,-0.00016
-0.459564,1.4243629999999998,-0.00016
-0.4595649999999999,1.424367,-0.00016
-0.459566,1.4243709999999998,-0.00016
-0.459567,1.424375,-0.00016
-0.459568,1.424379,-0.00016
-0.45957,1.424383,-0.00016
-0.459571,1.424387,-0.00016
-0.4595729999999999,1.424391,-0.00016
-0.459574,1.4243940000000002,-0.00016
-0.459576,1.424398,-0.00016
-0.459578,1.424403,-0.00016
-0.459579,1.424407,-0.00016
-0.459581,1.424411,-0.00016
-0.459583,1.424415,-0.000159
-0.459585,1.42442,-0.000159
-0.4595869999999999,1.424424,-0.000159
-0.4595899999999999,1.424428,-0.000159
-0.459592,1.424433,-0.000159
-0.4595939999999999,1.4244370000000002,-0.000159
-0.459597,1.424442,-0.000159
-0.459599,1.424447,-0.000159
-0.459602,1.424451,-0.000159
-0.459604,1.424456,-0.000159
-0.459607,1.424461,-0.000159
-0.45961,1.424465,-0.000159
-0.459613,1.42447,-0.000159
-0.4596159999999999,1.424475,-0.000159
-0.4596189999999999,1.42448,-0.000159
-0.459622,1.424485,-0.000159
-0.459625,1.42449,-0.000159
-0.459629,1.424495,-0.000159
-0.459632,1.4245,-0.000159
-0.459636,1.424505,-0.000159
-0.459639,1.42451,-0.000159
-0.459643,1.424515,-0.000159
-0.459647,1.424521,-0.000159
-0.459651,1.424526,-0.00016
-0.459655,1.424531,-0.00016
-0.459659,1.4245370000000002,-0.00016
-0.459663,1.424543,-0.00016
-0.459667,1.424548,-0.00016
-0.459672,1.424554,-0.00016
-0.459676,1.42456,-0.00016
-0.45968,1.424566,-0.00016
-0.459685,1.424572,-0.00016
-0.45969,1.424577,-0.00016
-0.4596939999999999,1.424583,-0.00016
-0.4596989999999999,1.424589,-0.00016
-0.459704,1.424595,-0.00016
-0.459709,1.424601,-0.00016
-0.4597199999999999,1.424614,-0.00016
-0.459725,1.42462,-0.00016
-0.45973,1.424626,-0.00016
-0.459736,1.424633,-0.00016
-0.459742,1.424639,-0.00016
-0.459747,1.4246450000000002,-0.00016
-0.4597529999999999,1.424652,-0.00016
-0.459759,1.424658,-0.00016
-0.459765,1.424665,-0.00016
-0.459771,1.424671,-0.00016
-0.459777,1.424678,-0.00016
-0.459783,1.424685,-0.00016
-0.459789,1.424692,-0.00016
-0.459796,1.424698,-0.00016
-0.459802,1.424706,-0.00016
-0.459808,1.424712,-0.00016
-0.459815,1.42472,-0.00016
-0.459822,1.424727,-0.00016
-0.4598279999999999,1.424734,-0.00016
-0.459835,1.424741,-0.00016
-0.459842,1.424748,-0.00016
-0.4598489999999999,1.424756,-0.00016
-0.459856,1.424763,-0.00016
-0.459864,1.42477,-0.00016
-0.459871,1.424778,-0.00016
-0.4598779999999999,1.424785,-0.00016
-0.4598859999999999,1.424793,-0.00016
-0.459893,1.424801,-0.00016
-0.459901,1.424808,-0.00016
-0.459909,1.424816,-0.000159
-0.459916,1.424824,-0.000159
-0.459924,1.424831,-0.000159
-0.4599319999999999,1.4248379999999998,-0.000159
-0.4599399999999999,1.424844,-0.000159
-0.4599479999999999,1.42485,-0.000159
-0.459956,1.424855,-0.000159
-0.459964,1.42486,-0.000159
-0.4599729999999999,1.424864,-0.000159
-0.459981,1.424868,-0.000159
-0.459989,1.424871,-0.00016
-0.4599979999999999,1.424874,-0.00016
-0.4600069999999999,1.424876,-0.00016
-0.4600149999999999,1.424878,-0.00016
-0.460024,1.42488,-0.00016
-0.4600329999999999,1.4248809999999998,-0.00016
-0.460042,1.424883,-0.00016
-0.460051,1.424884,-0.00016
-0.4600609999999999,1.424886,-0.00016
-0.46007,1.424887,-0.00016
-0.460079,1.424889,-0.00016
-0.460089,1.42489,-0.00016
-0.4600979999999999,1.424891,-0.00016
-0.460108,1.424892,-0.00016
-0.460118,1.424893,-0.00016
-0.460127,1.424894,-0.00016
-0.4601369999999999,1.424895,-0.00016
-0.460147,1.424896,-0.00016
-0.460157,1.424897,-0.00016
-0.460167,1.424899,-0.00016
-0.460178,1.4249,-0.00016
-0.460188,1.424902,-0.00016
-0.4601989999999999,1.424905,-0.00016
-0.46021,1.424907,-0.00016
-0.460221,1.42491,-0.00016
-0.460232,1.424913,-0.00016
-0.460243,1.424917,-0.00016
-0.460255,1.42492,-0.00016
-0.460266,1.424924,-0.00016
-0.4602779999999999,1.424928,-0.00016
-0.46029,1.424933,-0.000159
-0.460302,1.424937,-0.000159
-0.460314,1.424941,-0.000159
-0.460326,1.424945,-0.000159
-0.460339,1.42495,-0.000159
-0.460351,1.424955,-0.000159
-0.460363,1.424959,-0.000159
-0.460376,1.424964,-0.000159
-0.460389,1.4249690000000002,-0.000159
-0.460414,1.424978,-0.000159
-0.460427,1.424983,-0.000159
-0.460427,1.424983,-0.000159
-0.460453,1.424993,-0.000159
-0.460466,1.424998,-0.000159
-0.4604789999999999,1.425003,-0.000159
-0.460492,1.425008,-0.000159
-0.460506,1.425013,-0.000159
-0.4605189999999999,1.425018,-0.000159
-0.4605329999999999,1.425023,-0.000159
-0.460546,1.425028,-0.000159
-0.46056,1.425033,-0.000159
-0.4605729999999999,1.425039,-0.00016
-0.4605869999999999,1.425044,-0.00016
-0.460601,1.425049,-0.00016
-0.4606149999999999,1.425055,-0.00016
-0.460629,1.42506,-0.00016
-0.460643,1.425066,-0.00016
-0.460658,1.425071,-0.00016
-0.460672,1.425076,-0.00016
-0.460686,1.425082,-0.00016
-0.4607,1.425087,-0.00016
-0.460715,1.425093,-0.00016
-0.460729,1.425098,-0.00016
-0.460744,1.425104,-0.00016
-0.460759,1.425109,-0.00016
-0.4607729999999999,1.425115,-0.00016
-0.460788,1.425121,-0.00016
-0.4608029999999999,1.425126,-0.00016
-0.460818,1.425132,-0.00016
-0.460833,1.425138,-0.00016
-0.460848,1.425143,-0.00016
-0.460863,1.425149,-0.00016
-0.4608779999999999,1.425155,-0.00016
-0.4608939999999999,1.425161,-0.00016
-0.460909,1.425167,-0.00016
-0.460924,1.425173,-0.00016
-0.4609399999999999,1.4251790000000002,-0.00016
-0.460955,1.425185,-0.00016
-0.460971,1.425191,-0.00016
-0.4609859999999999,1.4251969999999998,-0.00016
-0.461002,1.425203,-0.00016
-0.461018,1.425209,-0.00016
-0.461034,1.425215,-0.00016
-0.46105,1.4252209999999998,-0.00016
-0.461066,1.425227,-0.00016
-0.461082,1.425233,-0.00016
-0.4610979999999999,1.42524,-0.00016
-0.461114,1.425246,-0.00016
-0.46113,1.425251,-0.00016
-0.461146,1.425258,-0.00016
-0.461163,1.425264,-0.00016
-0.461179,1.42527,-0.00016
-0.4611949999999999,1.425277,-0.00016
-0.461212,1.425283,-0.00016
-0.461229,1.425289,-0.00016
-0.4612449999999999,1.425296,-0.00016
-0.461262,1.425302,-0.00016
-0.4612779999999999,1.425309,-0.00016
-0.4612949999999999,1.425315,-0.00016
-0.461312,1.425322,-0.00016
-0.461329,1.4253280000000002,-0.00016
-0.461346,1.425335,-0.00016
-0.461363,1.425341,-0.00016
-0.46138,1.425348,-0.00016
-0.461397,1.425354,-0.00016
-0.461414,1.425361,-0.00016
-0.4614319999999999,1.425368,-0.00016
-0.461449,1.425374,-0.00016
-0.461466,1.425381,-0.00016
-0.461483,1.4253870000000002,-0.00016
-0.461501,1.425394,-0.00016
-0.461518,1.4254,-0.00016
-0.461535,1.425407,-0.00016
-0.461553,1.425414,-0.00016
-0.461571,1.42542,-0.00016
-0.461588,1.425427,-0.00016
-0.461606,1.425433,-0.00016
-0.461624,1.42544,-0.00016
-0.4616409999999999,1.425447,-0.00016
-0.461659,1.425453,-0.00016
-0.461677,1.42546,-0.00016
-0.4616949999999999,1.425467,-0.00016
-0.461713,1.425474,-0.00016
-0.461731,1.42548,-0.00016
-0.461768,1.4254950000000002,-0.00016
-0.461786,1.425502,-0.00016
-0.461804,1.425508,-0.00016
-0.461822,1.425516,-0.00016
-0.461841,1.425522,-0.00016
-0.461859,1.42553,-0.00016
-0.4618779999999999,1.425537,-0.00016
-0.461896,1.425544,-0.00016
-0.4619149999999999,1.425551,-0.00016
-0.461933,1.425558,-0.00016
-0.461952,1.425565,-0.00016
-0.461971,1.4255719999999998,-0.00016
-0.461989,1.4255790000000002,-0.00016
-0.462008,1.425586,-0.00016
-0.462027,1.425593,-0.00016
-0.462046,1.4256,-0.00016
-0.4620649999999999,1.425607,-0.00016
-0.462084,1.425614,-0.00016
-0.462103,1.4256209999999998,-0.00016
-0.462122,1.425628,-0.00016
-0.4621409999999999,1.425635,-0.00016
-0.46216,1.425642,-0.00016
-0.462179,1.425648,-0.00016
-0.4621979999999999,1.425655,-0.00016
-0.462217,1.425662,-0.00016
-0.462236,1.425669,-0.00016
-0.462256,1.425676,-0.00016
-0.462275,1.425683,-0.00016
-0.462294,1.42569,-0.00016
-0.462314,1.425697,-0.00016
-0.462333,1.425704,-0.00016
-0.4623529999999999,1.425711,-0.00016
-0.462372,1.425718,-0.00016
-0.462392,1.425725,-0.00016
-0.4624109999999999,1.425732,-0.000159
-0.462431,1.425739,-0.000159
-0.46245,1.425746,-0.000159
-0.462468,1.425753,-0.000159
-0.462485,1.42576,-0.000159
-0.4625,1.425767,-0.000159
-0.462513,1.425774,-0.000159
-0.462524,1.4257799999999998,-0.000159
-0.4625319999999999,1.425787,-0.000159
-0.462537,1.425794,-0.000159
-0.4625399999999999,1.425801,-0.000159
-0.462541,1.425808,-0.000159
-0.4625399999999999,1.425815,-0.000159
-0.462537,1.425821,-0.00016
-0.4625319999999999,1.425828,-0.00016
-0.462526,1.425835,-0.00016
-0.4625189999999999,1.425842,-0.00016
-0.4625109999999999,1.425849,-0.00016
-0.462503,1.425856,-0.00016
-0.4624939999999999,1.425864,-0.00016
-0.462484,1.425871,-0.00016
-0.462474,1.425878,-0.000159
-0.462464,1.425884,-0.000159
-0.4624529999999999,1.425892,-0.000159
-0.462442,1.425898,-0.000159
-0.462431,1.425905,-0.000159
-0.46242,1.425912,-0.000159
-0.462408,1.4259190000000002,-0.000159
-0.462396,1.425926,-0.000159
-0.462384,1.425933,-0.000159
-0.462372,1.42594,-0.000159
-0.46236,1.425946,-0.000159
-0.462348,1.425953,-0.000159
-0.462335,1.42596,-0.000159
-0.462323,1.425966,-0.000159
-0.46231,1.425971,-0.000159
-0.4622979999999999,1.425975,-0.000159
-0.462288,1.425978,-0.000159
-0.462279,1.42598,-0.000159
-0.462272,1.425981,-0.000159
-0.462268,1.42598,-0.000159
-0.462266,1.425978,-0.000159
-0.462266,1.425975,-0.000159
-0.462269,1.425971,-0.000159
-0.4622739999999999,1.425966,-0.000159
-0.462289,1.425955,-0.000159
-0.4622989999999999,1.425948,-0.000159
-0.4623109999999999,1.425941,-0.000159
-0.462323,1.425933,-0.000159
-0.4623359999999999,1.425925,-0.000159
-0.4623489999999999,1.425917,-0.000159
-0.462363,1.425908,-0.000159
-0.4623779999999999,1.4259,-0.00016
-0.462393,1.425891,-0.00016
-0.462408,1.425883,-0.00016
-0.462423,1.425875,-0.00016
-0.462437,1.425868,-0.00016
-0.46245,1.4258620000000002,-0.00016
-0.462462,1.425857,-0.00016
-0.462472,1.425853,-0.00016
-0.462479,1.425851,-0.00016
-0.462484,1.425849,-0.000159
-0.462487,1.425849,-0.000159
-0.462487,1.425849,-0.000159
-0.462485,1.42585,-0.000159
-0.462481,1.425852,-0.000159
-0.462475,1.4258540000000002,-0.000159
-0.462467,1.425856,-0.000159
-0.462458,1.425859,-0.000159
-0.462449,1.4258620000000002,-0.000159
-0.462438,1.425866,-0.000159
-0.462426,1.425869,-0.000159
-0.462414,1.425872,-0.000159
-0.462402,1.425876,-0.000159
-0.462389,1.42588,-0.000159
-0.462376,1.425884,-0.000159
-0.462363,1.4258879999999998,-0.000159
-0.46235,1.425892,-0.000159
-0.4623359999999999,1.4258959999999998,-0.000159
-0.462322,1.4259,-0.000159
-0.462309,1.425903,-0.00016
-0.462296,1.425907,-0.00016
-0.462285,1.425912,-0.00016
-0.462275,1.425915,-0.00016
-0.462267,1.4259190000000002,-0.00016
-0.462262,1.425923,-0.00016
-0.462259,1.425927,-0.00016
-0.462258,1.425931,-0.00016
-0.46226,1.425935,-0.00016
-0.462264,1.4259389999999998,-0.00016
-0.4622699999999999,1.425944,-0.000159
-0.4622779999999999,1.425948,-0.000159
-0.462287,1.425951,-0.000159
-0.4622979999999999,1.4259540000000002,-0.000159
-0.4623109999999999,1.425957,-0.000159
-0.4623239999999999,1.425959,-0.000159
-0.462338,1.42596,-0.000159
-0.4623529999999999,1.425961,-0.000159
-0.462369,1.425961,-0.000159
-0.462385,1.42596,-0.000159
-0.462402,1.425959,-0.000159
-0.462418,1.425957,-0.000159
-0.462435,1.425955,-0.000159
-0.462451,1.425953,-0.000159
-0.462466,1.425951,-0.000159
-0.46248,1.425947,-0.000159
-0.462491,1.425944,-0.000159
-0.4625,1.425941,-0.000159
-0.4625069999999999,1.425938,-0.000159
-0.4625109999999999,1.425934,-0.000159
-0.462513,1.425929,-0.000159
-0.462513,1.425925,-0.000159
-0.4625109999999999,1.425921,-0.00016
-0.4625069999999999,1.425916,-0.00016
-0.462502,1.425912,-0.00016
-0.462495,1.425909,-0.00016
-0.462488,1.425905,-0.00016
-0.46248,1.425902,-0.000161
-0.462462,1.4259,-0.00016
-0.462462,1.4259,-0.00016
-0.462442,1.425901,-0.00016
-0.4624319999999999,1.425904,-0.00016
-0.462422,1.425908,-0.00016
-0.462412,1.425913,-0.000159
-0.462401,1.425918,-0.000159
-0.4623899999999999,1.425925,-0.000159
-0.46238,1.425932,-0.000159
-0.462369,1.4259389999999998,-0.000159
-0.462358,1.425948,-0.000159
-0.462347,1.425956,-0.000158
-0.4623359999999999,1.425964,-0.000158
-0.462325,1.425972,-0.000158
-0.462314,1.425979,-0.000158
-0.462305,1.425986,-0.000158
-0.462297,1.425991,-0.000159
-0.46229,1.4259959999999998,-0.000159
-0.462286,1.426,-0.000159
-0.462285,1.426002,-0.000159
-0.462285,1.426003,-0.000159
-0.462289,1.426003,-0.00016
-0.462294,1.426002,-0.00016
-0.462302,1.426,-0.00016
-0.462312,1.425998,-0.00016
-0.4623239999999999,1.425995,-0.00016
-0.462337,1.425991,-0.00016
-0.462351,1.425987,-0.00016
-0.462366,1.425983,-0.00016
-0.4623819999999999,1.425978,-0.000161
-0.462399,1.425973,-0.000161
-0.462416,1.425969,-0.000161
-0.462433,1.425964,-0.000161
-0.462449,1.425958,-0.000161
-0.4624649999999999,1.425953,-0.000161
-0.462479,1.425948,-0.000161
-0.462491,1.425942,-0.000161
-0.4625,1.425936,-0.000161
-0.4625069999999999,1.42593,-0.000161
-0.462512,1.425925,-0.000161
-0.4625149999999999,1.4259190000000002,-0.000161
-0.4625149999999999,1.425912,-0.000161
-0.462513,1.425907,-0.000162
-0.46251,1.425901,-0.000162
-0.462505,1.425895,-0.000162
-0.462499,1.42589,-0.000162
-0.462492,1.425886,-0.0001629999999999
-0.462484,1.425883,-0.0001629999999999
-0.462476,1.42588,-0.000162
-0.462467,1.425879,-0.000162
-0.4624569999999999,1.42588,-0.000162
-0.4624479999999999,1.425881,-0.000162
-0.462438,1.425884,-0.000161
-0.4624279999999999,1.425887,-0.000161
-0.462418,1.425892,-0.000161
-0.4624069999999999,1.425897,-0.000161
-0.462397,1.425902,-0.00016
-0.4623859999999999,1.425908,-0.00016
-0.462376,1.425914,-0.00016
-0.4623649999999999,1.42592,-0.00016
-0.462354,1.425927,-0.00016
-0.462343,1.425934,-0.00016
-0.4623319999999999,1.425941,-0.000159
-0.462322,1.425948,-0.000159
-0.4623109999999999,1.425955,-0.000159
-0.462302,1.425961,-0.000159
-0.4622949999999999,1.425968,-0.000159
-0.462289,1.425973,-0.000159
-0.462286,1.425978,-0.000159
-0.462285,1.425981,-0.000159
-0.462286,1.425983,-0.000159
-0.46229,1.425984,-0.000159
-0.462297,1.425983,-0.000159
-0.462305,1.425982,-0.000159
-0.462316,1.425979,-0.000159
-0.4623279999999999,1.425976,-0.000159
-0.462341,1.425971,-0.000159
-0.462356,1.425967,-0.000159
-0.462372,1.425961,-0.000159
-0.462388,1.425955,-0.000159
-0.462405,1.425949,-0.000159
-0.462422,1.425943,-0.000159
-0.462439,1.425936,-0.000159
-0.462455,1.425929,-0.000159
-0.462471,1.425922,-0.000159
-0.462495,1.425906,-0.000159
-0.4625039999999999,1.425898,-0.000159
-0.46251,1.425891,-0.000159
-0.462514,1.425884,-0.00016
-0.462516,1.425877,-0.00016
-0.462516,1.425872,-0.00016
-0.462514,1.425868,-0.00016
-0.46251,1.425865,-0.00016
-0.462505,1.425863,-0.00016
-0.462499,1.425863,-0.00016
-0.462491,1.425864,-0.000159
-0.462483,1.425865,-0.000159
-0.462475,1.425867,-0.000159
-0.462466,1.42587,-0.000159
-0.4624569999999999,1.425874,-0.000159
-0.462447,1.425878,-0.000159
-0.462437,1.425882,-0.000159
-0.462427,1.425887,-0.000159
-0.462417,1.425891,-0.000158
-0.4624069999999999,1.4258959999999998,-0.000158
-0.462396,1.425901,-0.000158
-0.4623859999999999,1.425906,-0.000158
-0.462376,1.425912,-0.000159
-0.4623649999999999,1.425917,-0.000159
-0.462355,1.425923,-0.000159
-0.462344,1.42593,-0.000159
-0.462334,1.425937,-0.000159
-0.4623239999999999,1.425945,-0.000159
-0.462315,1.425953,-0.000158
-0.4623069999999999,1.4259620000000002,-0.000158
-0.462301,1.425972,-0.000158
-0.462297,1.425981,-0.000158
-0.462296,1.425989,-0.000158
-0.462297,1.425997,-0.000157
-0.4623,1.426004,-0.000157
-0.462306,1.42601,-0.000157
-0.462315,1.426015,-0.000158
-0.462326,1.426019,-0.000158
-0.462338,1.426021,-0.000158
-0.4623529999999999,1.426023,-0.000158
-0.462368,1.426024,-0.000158
-0.462385,1.426025,-0.000158
-0.4624029999999999,1.426025,-0.000159
-0.462422,1.426023,-0.000159
-0.462441,1.426022,-0.000159
-0.462459,1.426021,-0.000159
-0.462477,1.426019,-0.000159
-0.462492,1.426018,-0.000159
-0.462506,1.426016,-0.000159
-0.462518,1.426014,-0.000159
-0.462527,1.426012,-0.000159
-0.462534,1.426009,-0.000159
-0.462539,1.426007,-0.00016
-0.462541,1.426004,-0.00016
-0.462542,1.426002,-0.00016
-0.462541,1.425999,-0.00016
-0.462538,1.425997,-0.00016
-0.462534,1.425994,-0.00016
-0.46253,1.425992,-0.00016
-0.462524,1.425989,-0.000161
-0.462518,1.425986,-0.000161
-0.462512,1.425984,-0.000161
-0.462505,1.425981,-0.000161
-0.4624979999999999,1.425978,-0.000161
-0.4624899999999999,1.425975,-0.000161
-0.462483,1.425972,-0.000161
-0.462475,1.425968,-0.000161
-0.462467,1.425965,-0.000161
-0.46246,1.425961,-0.000161
-0.462452,1.425957,-0.000161
-0.4624439999999999,1.4259540000000002,-0.000161
-0.4624359999999999,1.425949,-0.000161
-0.4624279999999999,1.425945,-0.000161
-0.4624189999999999,1.425941,-0.000161
-0.4624109999999999,1.425936,-0.000161
-0.4624029999999999,1.425932,-0.000161
-0.4623939999999999,1.425927,-0.000161
-0.4623859999999999,1.425922,-0.000161
-0.4623779999999999,1.425917,-0.000161
-0.46236,1.425908,-0.000162
-0.46236,1.425908,-0.000162
-0.462343,1.4259,-0.000162
-0.462334,1.425897,-0.000162
-0.462325,1.425895,-0.000162
-0.462318,1.425895,-0.000162
-0.4623109999999999,1.4258959999999998,-0.000162
-0.4623069999999999,1.425898,-0.000162
-0.462304,1.425901,-0.000162
-0.462305,1.425905,-0.000162
-0.4623069999999999,1.42591,-0.000161
-0.462312,1.425916,-0.000161
-0.462319,1.425922,-0.000161
-0.462329,1.425929,-0.00016
-0.46234,1.425936,-0.00016
-0.4623529999999999,1.425943,-0.00016
-0.462368,1.425951,-0.00016
-0.462384,1.425959,-0.000159
-0.462401,1.425966,-0.000159
-0.4624189999999999,1.425973,-0.000159
-0.462437,1.425979,-0.000158
-0.462455,1.425984,-0.000158
-0.462472,1.425989,-0.000158
-0.462487,1.425992,-0.000159
-0.462501,1.425994,-0.000159
-0.462512,1.425994,-0.000159
-0.462521,1.425993,-0.000159
-0.462527,1.425991,-0.00016
-0.462531,1.425989,-0.00016
-0.4625329999999999,1.425985,-0.00016
-0.4625329999999999,1.425982,-0.000161
-0.4625319999999999,1.425978,-0.000161
-0.462529,1.425973,-0.000161
-0.462525,1.425969,-0.000161
-0.46252,1.425964,-0.000161
-0.462514,1.425958,-0.000161
-0.462508,1.425953,-0.000161
-0.462501,1.425947,-0.000161
-0.462493,1.425941,-0.00016
-0.4624859999999999,1.425935,-0.00016
-0.462478,1.425929,-0.00016
-0.46247,1.425923,-0.00016
-0.462462,1.425916,-0.00016
-0.462454,1.425909,-0.00016
-0.462445,1.425902,-0.00016
-0.462437,1.4258959999999998,-0.00016
-0.462429,1.42589,-0.000161
-0.46242,1.425885,-0.000161
-0.462412,1.42588,-0.000161
-0.4624029999999999,1.425876,-0.000161
-0.4623939999999999,1.425874,-0.00016
-0.4623859999999999,1.425873,-0.00016
-0.462377,1.425873,-0.00016
-0.462368,1.425874,-0.00016
-0.462359,1.425877,-0.00016
-0.46235,1.42588,-0.00016
-0.462341,1.425884,-0.00016
-0.4623319999999999,1.42589,-0.00016
-0.4623239999999999,1.4258959999999998,-0.00016
-0.462317,1.425903,-0.00016
-0.4623109999999999,1.425912,-0.00016
-0.462308,1.42592,-0.00016
-0.4623069999999999,1.42593,-0.000159
-0.462308,1.425941,-0.000159
-0.462312,1.425952,-0.000159
-0.462319,1.425963,-0.000159
-0.4623279999999999,1.425975,-0.000158
-0.46234,1.425987,-0.000158
-0.4623529999999999,1.425998,-0.000158
-0.462368,1.426008,-0.000158
-0.462385,1.426018,-0.000158
-0.462422,1.426034,-0.000158
-0.462422,1.426034,-0.000158
-0.462442,1.42604,-0.000158
-0.4624609999999999,1.426045,-0.000158
-0.462496,1.426052,-0.000158
-0.462512,1.4260540000000002,-0.000159
-0.462525,1.426055,-0.000159
-0.462535,1.426056,-0.000159
-0.4625439999999999,1.426056,-0.00016
-0.46255,1.426056,-0.00016
-0.462554,1.426056,-0.00016
-0.462556,1.426055,-0.00016
-0.462556,1.4260540000000002,-0.00016
-0.462555,1.426053,-0.00016
-0.462553,1.426052,-0.000161
-0.46255,1.426051,-0.000161
-0.462546,1.426049,-0.000161
-0.462542,1.426048,-0.000161
-0.462537,1.4260469999999998,-0.00016
-0.4625319999999999,1.426046,-0.00016
-0.462526,1.426044,-0.00016
-0.46252,1.426042,-0.00016
-0.4625149999999999,1.426041,-0.00016
-0.462509,1.4260389999999998,-0.00016
-0.462502,1.426036,-0.00016
-0.462496,1.426034,-0.00016
-0.4624899999999999,1.426032,-0.00016
-0.462483,1.42603,-0.00016
-0.462477,1.426028,-0.00016
-0.462471,1.426025,-0.00016
-0.462464,1.426023,-0.00016
-0.462458,1.42602,-0.00016
-0.462451,1.426017,-0.00016
-0.4624439999999999,1.426013,-0.00016
-0.462437,1.42601,-0.00016
-0.46243,1.426007,-0.00016
-0.462424,1.426004,-0.00016
-0.462416,1.426001,-0.00016
-0.462409,1.425998,-0.00016
-0.462402,1.425994,-0.00016
-0.462395,1.425991,-0.00016
-0.462388,1.425987,-0.00016
-0.462381,1.425984,-0.00016
-0.462373,1.42598,-0.00016
-0.462366,1.425977,-0.00016
-0.462358,1.425973,-0.00016
-0.46235,1.425969,-0.00016
-0.462343,1.425964,-0.00016
-0.462335,1.42596,-0.00016
-0.4623279999999999,1.425955,-0.00016
-0.462321,1.42595,-0.00016
-0.462316,1.425945,-0.00016
-0.462313,1.425941,-0.00016
-0.462313,1.425936,-0.00016
-0.462314,1.425931,-0.00016
-0.462319,1.425926,-0.00016
-0.462325,1.425921,-0.00016
-0.462334,1.425915,-0.00016
-0.462346,1.42591,-0.00016
-0.462359,1.425905,-0.00016
-0.4623739999999999,1.4259,-0.00016
-0.4623899999999999,1.4258959999999998,-0.00016
-0.462408,1.425893,-0.00016
-0.462426,1.425891,-0.00016
-0.462445,1.42589,-0.00016
-0.462463,1.42589,-0.000159
-0.46248,1.425892,-0.000159
-0.462496,1.425895,-0.000159
-0.462509,1.425898,-0.000159
-0.462521,1.425902,-0.000159
-0.46253,1.425907,-0.000159
-0.4625359999999999,1.425913,-0.000159
-0.462541,1.4259190000000002,-0.000159
-0.462543,1.425926,-0.000159
-0.4625439999999999,1.425933,-0.000159
-0.462543,1.425941,-0.000159
-0.4625399999999999,1.425948,-0.000159
-0.462537,1.425956,-0.000159
-0.4625329999999999,1.425963,-0.000159
-0.462528,1.4259700000000002,-0.000159
-0.462522,1.425977,-0.000159
-0.462516,1.425982,-0.000159
-0.46251,1.425987,-0.000159
-0.462503,1.42599,-0.000159
-0.462497,1.425991,-0.000159
-0.4624899999999999,1.425992,-0.00016
-0.462476,1.42599,-0.00016
-0.4624689999999999,1.4259879999999998,-0.00016
-0.462463,1.425986,-0.00016
-0.462456,1.425984,-0.00016
-0.46245,1.425983,-0.00016
-0.462443,1.425981,-0.00016
-0.462437,1.425979,-0.00016
-0.462431,1.425977,-0.00016
-0.462425,1.425976,-0.00016
-0.4624189999999999,1.425974,-0.00016
-0.462413,1.425974,-0.00016
-0.4624069999999999,1.425973,-0.00016
-0.462402,1.425972,-0.00016
-0.462396,1.425971,-0.000159
-0.4623899999999999,1.4259700000000002,-0.000159
-0.462384,1.425969,-0.000159
-0.4623779999999999,1.425968,-0.000159
-0.462372,1.425967,-0.000159
-0.462366,1.425966,-0.000159
-0.46236,1.425965,-0.000159
-0.462354,1.425964,-0.000159
-0.462348,1.425963,-0.000159
-0.462342,1.425963,-0.000159
-0.4623359999999999,1.4259620000000002,-0.000159
-0.462331,1.425961,-0.000159
-0.462327,1.42596,-0.000159
-0.462325,1.425959,-0.000159
-0.462325,1.425959,-0.000159
-0.4623279999999999,1.425958,-0.000159
-0.462333,1.425957,-0.000159
-0.462341,1.425956,-0.000159
-0.462351,1.4259540000000002,-0.000159
-0.462363,1.425953,-0.000159
-0.4623779999999999,1.425951,-0.000159
-0.4623939999999999,1.425949,-0.000159
-0.462412,1.425947,-0.000158
-0.46243,1.425945,-0.000158
-0.462449,1.425943,-0.000158
-0.462468,1.425941,-0.000158
-0.4624859999999999,1.425938,-0.000158
-0.462502,1.425935,-0.000158
-0.462516,1.425933,-0.000158
-0.462527,1.42593,-0.000158
-0.462537,1.425927,-0.000158
-0.4625439999999999,1.425924,-0.000159
-0.462549,1.425921,-0.000159
-0.462553,1.4259190000000002,-0.000159
-0.462554,1.425917,-0.00016
-0.462554,1.425916,-0.00016
-0.462553,1.425916,-0.00016
-0.462551,1.425917,-0.00016
-0.4625479999999999,1.4259190000000002,-0.00016
-0.462545,1.425923,-0.00016
-0.462541,1.425928,-0.000159
-0.4625359999999999,1.425934,-0.000159
-0.4625319999999999,1.425941,-0.000159
-0.462527,1.425948,-0.000159
-0.462522,1.425956,-0.000158
-0.462517,1.425965,-0.000158
-0.4625109999999999,1.425974,-0.000158
-0.462506,1.425982,-0.000158
-0.4625,1.425989,-0.000158
-0.462495,1.4259959999999998,-0.000158
-0.462489,1.426002,-0.000158
-0.462483,1.426006,-0.000158
-0.462478,1.426009,-0.000159
-0.462472,1.426011,-0.000159
-0.462466,1.426012,-0.000159
-0.46246,1.426013,-0.000159
-0.462454,1.426013,-0.00016
-0.4624479999999999,1.426012,-0.00016
-0.462442,1.426011,-0.00016
-0.4624359999999999,1.426008,-0.00016
-0.46243,1.426006,-0.00016
-0.462423,1.426003,-0.00016
-0.462417,1.426,-0.00016
-0.46241,1.425997,-0.00016
-0.462404,1.425994,-0.00016
-0.462391,1.425987,-0.00016
-0.462391,1.425987,-0.00016
-0.462377,1.425979,-0.00016
-0.46237,1.425975,-0.00016
-0.462363,1.425971,-0.00016
-0.462363,1.425971,-0.00016
-0.4623489999999999,1.4259620000000002,-0.00016
-0.462342,1.425958,-0.000161
-0.462335,1.425953,-0.000161
-0.462329,1.425948,-0.000161
-0.462323,1.425943,-0.000161
-0.462319,1.425938,-0.000161
-0.462317,1.425934,-0.000161
-0.462318,1.425928,-0.000161
-0.462321,1.425923,-0.000161
-0.462326,1.425918,-0.000161
-0.462334,1.425913,-0.000161
-0.462345,1.425908,-0.000161
-0.4623569999999999,1.425903,-0.000161
-0.462372,1.425899,-0.000161
-0.462388,1.425895,-0.000161
-0.462405,1.425892,-0.000161
-0.462423,1.425891,-0.000161
-0.462442,1.42589,-0.000161
-0.4624609999999999,1.42589,-0.00016
-0.462478,1.425892,-0.00016
-0.4624939999999999,1.425895,-0.00016
-0.462509,1.425898,-0.00016
-0.462521,1.425902,-0.00016
-0.46253,1.425908,-0.00016
-0.462538,1.425914,-0.00016
-0.4625439999999999,1.425922,-0.00016
-0.4625479999999999,1.425931,-0.00016
-0.46255,1.425941,-0.00016
-0.462551,1.425952,-0.00016
-0.46255,1.425963,-0.00016
-0.462549,1.425974,-0.00016
-0.462547,1.425986,-0.000159
-0.462545,1.425998,-0.000159
-0.462542,1.426009,-0.000159
-0.462539,1.426019,-0.000159
-0.462535,1.426029,-0.000159
-0.4625319999999999,1.426038,-0.000159
-0.462528,1.426045,-0.00016
-0.462524,1.426051,-0.00016
-0.46252,1.426057,-0.00016
-0.462516,1.4260620000000002,-0.00016
-0.462512,1.426066,-0.00016
-0.462508,1.426069,-0.00016
-0.4625039999999999,1.426072,-0.00016
-0.4625,1.426074,-0.000161
-0.462496,1.426076,-0.000161
-0.462492,1.426077,-0.000161
-0.462487,1.426078,-0.000161
-0.462483,1.42608,-0.000161
-0.462479,1.42608,-0.000161
-0.462474,1.426081,-0.000161
-0.46247,1.426081,-0.000161
-0.4624649999999999,1.426081,-0.000161
-0.4624609999999999,1.426082,-0.000161
-0.462456,1.426082,-0.000161
-0.462451,1.426082,-0.000161
-0.462446,1.426082,-0.000161
-0.462442,1.426082,-0.000161
-0.462437,1.426081,-0.000161
-0.4624319999999999,1.426081,-0.000161
-0.462427,1.426082,-0.000161
-0.462421,1.426081,-0.000161
-0.462416,1.426081,-0.000161
-0.4624109999999999,1.42608,-0.000161
-0.462406,1.42608,-0.000161
-0.4624,1.426079,-0.000161
-0.462395,1.426079,-0.000161
-0.462389,1.426078,-0.000161
-0.462384,1.426077,-0.000162
-0.4623779999999999,1.426077,-0.000162
-0.462373,1.426076,-0.000162
-0.462367,1.426075,-0.000162
-0.4623609999999999,1.426073,-0.000162
-0.462355,1.426072,-0.000162
-0.46235,1.4260700000000002,-0.000162
-0.462344,1.426069,-0.000162
-0.462338,1.426067,-0.000162
-0.46233,1.426064,-0.000162
-0.4623279999999999,1.426063,-0.000162
-0.4623279999999999,1.426061,-0.000162
-0.46233,1.42606,-0.000162
-0.462335,1.426059,-0.000162
-0.462343,1.426057,-0.000162
-0.4623529999999999,1.426055,-0.000162
-0.4623649999999999,1.426053,-0.000161
-0.462379,1.426051,-0.000161
-0.462396,1.426049,-0.000161
-0.462413,1.4260469999999998,-0.000161
-0.4624319999999999,1.426045,-0.000161
-0.462451,1.426042,-0.00016
-0.4624689999999999,1.4260389999999998,-0.00016
-0.462487,1.426036,-0.00016
-0.462503,1.426033,-0.00016
-0.462516,1.42603,-0.00016
-0.462528,1.426027,-0.00016
-0.462537,1.426023,-0.00016
-0.462545,1.42602,-0.00016
-0.46255,1.426017,-0.00016
-0.462553,1.426013,-0.00016
-0.462555,1.42601,-0.00016
-0.462555,1.426007,-0.00016
-0.462554,1.426003,-0.00016
-0.462552,1.426,-0.00016
-0.46255,1.425997,-0.00016
-0.462546,1.425994,-0.00016
-0.462543,1.42599,-0.00016
-0.462539,1.425986,-0.00016
-0.462535,1.425983,-0.00016
-0.46253,1.425978,-0.00016
-0.462526,1.425974,-0.00016
-0.462521,1.425971,-0.00016
-0.462516,1.425967,-0.00016
-0.4625109999999999,1.425963,-0.000159
-0.462506,1.425958,-0.000159
-0.462501,1.4259540000000002,-0.000159
-0.462496,1.425949,-0.000159
-0.462491,1.425944,-0.000159
-0.4624859999999999,1.42594,-0.000159
-0.462481,1.425935,-0.000159
-0.462476,1.42593,-0.000159
-0.462471,1.425925,-0.000159
-0.462466,1.42592,-0.000159
-0.46246,1.425915,-0.000159
-0.462455,1.42591,-0.000159
-0.462449,1.425905,-0.000159
-0.4624439999999999,1.4259,-0.000159
-0.462438,1.4258959999999998,-0.00016
-0.4624319999999999,1.425894,-0.00016
-0.462427,1.425893,-0.000159
-0.462421,1.425892,-0.000159
-0.4624149999999999,1.425893,-0.000159
-0.462409,1.425895,-0.000159
-0.4624029999999999,1.425898,-0.000159
-0.462397,1.425902,-0.000159
-0.4623899999999999,1.425907,-0.000159
-0.462384,1.425913,-0.000158
-0.4623779999999999,1.4259190000000002,-0.000158
-0.462371,1.425926,-0.000158
-0.4623649999999999,1.425933,-0.000158
-0.462358,1.425941,-0.000158
-0.462351,1.425948,-0.000158
-0.462345,1.425956,-0.000158
-0.462338,1.425964,-0.000158
-0.4623319999999999,1.425971,-0.000158
-0.462327,1.425978,-0.000158
-0.462323,1.425984,-0.000158
-0.462321,1.425989,-0.000158
-0.462321,1.425993,-0.000158
-0.462323,1.4259959999999998,-0.000158
-0.462329,1.425998,-0.000158
-0.462337,1.425999,-0.000159
-0.462347,1.425999,-0.000159
-0.462375,1.425999,-0.000159
-0.462391,1.425998,-0.000159
-0.46241,1.425997,-0.000159
-0.46243,1.4259959999999998,-0.000159
-0.46245,1.425995,-0.000159
-0.46247,1.425995,-0.000158
-0.462489,1.425994,-0.000158
-0.4625069999999999,1.425994,-0.000158
-0.462522,1.425994,-0.000158
-0.4625359999999999,1.425994,-0.000158
-0.4625479999999999,1.425994,-0.000159
-0.462557,1.425994,-0.000159
-0.4625649999999999,1.425995,-0.000159
-0.46257,1.4259959999999998,-0.000159
-0.462574,1.425997,-0.000159
-0.462576,1.425998,-0.000159
-0.462577,1.426,-0.000159
-0.462577,1.426001,-0.000159
-0.462577,1.426002,-0.000159
-0.462575,1.426003,-0.000159
-0.462574,1.426004,-0.00016
-0.462572,1.426004,-0.00016
-0.4625689999999999,1.426005,-0.00016
-0.462567,1.426005,-0.00016
-0.462564,1.426006,-0.00016
-0.4625609999999999,1.426007,-0.00016
-0.4625579999999999,1.426007,-0.00016
-0.462555,1.426007,-0.00016
-0.462552,1.426008,-0.00016
-0.462549,1.426008,-0.00016
-0.462546,1.426009,-0.00016
-0.462543,1.42601,-0.00016
-0.462539,1.426011,-0.00016
-0.4625359999999999,1.426011,-0.00016
-0.4625329999999999,1.426012,-0.00016
-0.46253,1.426013,-0.00016
-0.462526,1.426014,-0.00016
-0.4625229999999999,1.426014,-0.00016
-0.4625189999999999,1.426014,-0.00016
-0.462516,1.426014,-0.00016
-0.462512,1.426014,-0.00016
-0.462509,1.426014,-0.00016
-0.462505,1.426014,-0.00016
-0.462502,1.426014,-0.00016
-0.4624979999999999,1.426014,-0.00016
-0.4624939999999999,1.426014,-0.00016
-0.4624899999999999,1.426014,-0.00016
-0.4624859999999999,1.426014,-0.00016
-0.4624819999999999,1.426014,-0.00016
-0.462478,1.426014,-0.00016
-0.462474,1.426014,-0.00016
-0.46247,1.426014,-0.00016
-0.462466,1.426014,-0.00016
-0.4624609999999999,1.426013,-0.00016
-0.4624569999999999,1.426012,-0.00016
-0.4624529999999999,1.426011,-0.00016
-0.4624479999999999,1.426011,-0.00016
-0.4624439999999999,1.42601,-0.00016
-0.462439,1.426009,-0.00016
-0.462435,1.426008,-0.00016
-0.46243,1.426007,-0.000161
-0.462425,1.426007,-0.000161
-0.462421,1.426006,-0.000161
-0.462416,1.426005,-0.000161
-0.4624109999999999,1.426004,-0.000161
-0.462406,1.426003,-0.000161
-0.462401,1.426002,-0.000161
-0.462396,1.426001,-0.000161
-0.462391,1.426001,-0.000161
-0.4623859999999999,1.426,-0.000161
-0.462381,1.425999,-0.000161
-0.462371,1.425997,-0.000161
-0.462366,1.425995,-0.000161
-0.4623609999999999,1.425994,-0.000161
-0.4623609999999999,1.425994,-0.000161
-0.46235,1.425991,-0.000161
-0.462345,1.42599,-0.000161
-0.46234,1.4259879999999998,-0.000161
-0.4623359999999999,1.425987,-0.000161
-0.4623319999999999,1.425986,-0.000161
-0.462331,1.425985,-0.000161
-0.462331,1.425983,-0.000161
-0.462334,1.425981,-0.000161
-0.462339,1.425979,-0.000161
-0.462347,1.425978,-0.000161
-0.462358,1.425977,-0.000161
-0.462371,1.425975,-0.000161
-0.4623859999999999,1.425974,-0.000161
-0.4624029999999999,1.425972,-0.00016
-0.462421,1.425971,-0.00016
-0.4624399999999999,1.425969,-0.00016
-0.462459,1.425967,-0.00016
-0.462477,1.425965,-0.00016
-0.4624939999999999,1.425963,-0.00016
-0.46251,1.425961,-0.00016
-0.4625229999999999,1.425958,-0.00016
-0.462534,1.425956,-0.00016
-0.462543,1.4259540000000002,-0.00016
-0.46255,1.425952,-0.00016
-0.462555,1.425949,-0.00016
-0.462559,1.425947,-0.00016
-0.46256,1.425945,-0.00016
-0.4625609999999999,1.425943,-0.00016
-0.46256,1.425941,-0.00016
-0.462559,1.4259389999999998,-0.00016
-0.462557,1.425938,-0.00016
-0.462555,1.425935,-0.00016
-0.462552,1.425933,-0.00016
-0.462549,1.42593,-0.00016
-0.462546,1.425928,-0.00016
-0.462542,1.425925,-0.00016
-0.462539,1.425923,-0.00016
-0.462535,1.425921,-0.000161
-0.4625319999999999,1.4259190000000002,-0.000161
-0.462528,1.425917,-0.000161
-0.462524,1.425916,-0.000161
-0.462521,1.425915,-0.000161
-0.462517,1.425916,-0.000161
-0.462513,1.425918,-0.000161
-0.462509,1.425921,-0.000161
-0.462506,1.425926,-0.000161
-0.462502,1.425932,-0.00016
-0.4624979999999999,1.4259389999999998,-0.00016
-0.4624939999999999,1.425947,-0.00016
-0.4624899999999999,1.425956,-0.000159
-0.462485,1.425965,-0.000159
-0.462481,1.425975,-0.000159
-0.462477,1.425984,-0.000159
-0.4624729999999999,1.425992,-0.000159
-0.4624689999999999,1.425999,-0.000159
-0.462464,1.426006,-0.000159
-0.46246,1.426012,-0.000159
-0.462455,1.426017,-0.000159
-0.462451,1.42602,-0.000159
-0.462446,1.426023,-0.00016
-0.462442,1.426025,-0.00016
-0.462437,1.426026,-0.00016
-0.4624319999999999,1.426026,-0.00016
-0.4624279999999999,1.426026,-0.00016
-0.462423,1.426025,-0.00016
-0.462418,1.426024,-0.000161
-0.462413,1.426023,-0.000161
-0.462408,1.426022,-0.000161
-0.4624029999999999,1.426021,-0.000161
-0.462398,1.426017,-0.000101
-0.462368,1.425941,0.0001189999999999
-0.4622159999999999,1.425485,0.000436
-0.461785,1.424172,0.000532
-0.4596739999999999,1.4177030000000002,0.0001189999999999
-0.457927,1.412338,-0.000192
-0.455725,1.405568,-0.0004969999999999
-0.453083,1.397444,-0.00077
-0.4500189999999999,1.388015,-0.001006
-0.446543,1.377313,-0.001208
-0.4426569999999999,1.365345,-0.0013859999999999
-0.4383579999999999,1.352102,-0.00156
-0.433639,1.33756,-0.001739
-0.428488,1.32169,-0.001943
-0.4228989999999999,1.304465,-0.002179
-0.4168659999999999,1.285873,-0.002441
-0.410388,1.265911,-0.002729
-0.403469,1.244588,-0.003038
-0.396117,1.22193,-0.00336
-0.388344,1.197976,-0.003684
-0.380168,1.172781,-0.003998
-0.37161,1.146407,-0.004291
-0.36269,1.118922,-0.004555
-0.353432,1.090395,-0.004785
-0.343861,1.060902,-0.004978
-0.334,1.030521,-0.005131
-0.323879,0.999336,-0.005247
-0.313529,0.967451,-0.005323
-0.3029929999999999,0.934992,-0.005346
-0.2923199999999999,0.90211,-0.005302
-0.281563,0.868973,-0.005177
-0.270784,0.8357620000000001,-0.00496
-0.260175,0.802647,-0.00482
-0.249661,0.7698619999999999,-0.004649
-0.238976,0.737521,-0.003282
-0.2279969999999999,0.705758,-0.000106
-0.216689,0.674852,0.004402
-0.205116,0.645157,0.009155
-0.193402,0.6169640000000001,0.013436
-0.181691,0.590428,0.017193
-0.170181,0.565628,0.020303
-0.159108,0.542566,0.022347
-0.148745,0.5211899999999999,0.022318
-0.139354,0.501363,0.019122
-0.131183,0.482808,0.0128289999999999
-0.124568,0.46517,0.0045829999999999
-0.119916,0.4481489999999999,-0.004529
-0.1176349999999999,0.431536,-0.013755
-0.118077,0.415195,-0.022415
-0.121512,0.3990849999999999,-0.029897
-0.128074,0.383256,-0.035843
-0.137686,0.367788,-0.040027
-0.150087,0.3527969999999999,-0.042371
-0.164893,0.338447,-0.043078
-0.181691,0.324925,-0.042399
-0.200099,0.312423,-0.040547
-0.2197849999999999,0.301121,-0.037781
-0.240471,0.291179,-0.034416
-0.261936,0.282717,-0.0308
-0.284017,0.27581,-0.02723
-0.306617,0.270496,-0.0238889999999999
-0.329689,0.266779,-0.020874
-0.353219,0.264644,-0.0182449999999999
-0.377218,0.26406,-0.016076
-0.401713,0.264991,-0.014393
-0.426751,0.267394,-0.013178
-0.452385,0.27123,-0.0123819999999999
-0.478679,0.276464,-0.011943
-0.505694,0.283064,-0.0117849999999999
-0.533465,0.290987,-0.011828
-0.561983,0.300169,-0.011995
-0.591187,0.3105199999999999,-0.012213
-0.620965,0.32193,-0.012416
-0.6511680000000001,0.3342699999999999,-0.012546
-0.681621,0.347398,-0.012548
-0.712142,0.361167,-0.012378
-0.742553,0.375431,-0.011994
-0.772688,0.390047,-0.011368
-0.802398,0.404877,-0.010493
-0.831557,0.4197899999999999,-0.0094019999999999
-0.8600629999999999,0.4346689999999999,-0.008121
-0.8878450000000001,0.449409,-0.006675
-0.914852,0.463926,-0.005077
-0.941057,0.478147,-0.003341
-0.966444,0.492016,-0.001475
-0.991009,0.50549,0.000515
-1.037675,0.531133,0.004832
-1.059784,0.54327,0.0070959999999999
-1.081083,0.554945,0.009335
-1.101582,0.566163,0.011492
-1.121289,0.5769380000000001,0.013536
-1.1402139999999998,0.5872850000000001,0.015452
-1.15837,0.597223,0.0172639999999999
-1.17575,0.606757,0.018977
-1.192324,0.615876,0.020578
-1.2080540000000002,0.624564,0.0220409999999999
-1.2229139999999998,0.6328090000000001,0.023331
-1.236892,0.640609,0.02443
-1.249997,0.647971,0.025329
-1.26225,0.654913,0.026031
-1.27369,0.661459,0.026549
-1.284361,0.667637,0.0268959999999999
-1.294312,0.673478,0.027085
-1.303595,0.679012,0.027134
-1.312261,0.6842699999999999,0.0270569999999999
-1.320362,0.689281,0.026867
-1.327943,0.694072,0.0265769999999999
-1.335047,0.698666,0.026197
-1.341713,0.703087,0.0257389999999999
-1.347975,0.707353,0.025211
-1.353864,0.711481,0.024622
-1.359403,0.715486,0.023978
-1.364616,0.719377,0.023285
-1.36952,0.723167,0.02255
-1.374134,0.726863,0.021778
-1.378473,0.7304729999999999,0.0209759999999999
-1.38255,0.734003,0.02015
-1.386376,0.737456,0.019302
-1.3899629999999998,0.7408359999999999,0.018437
-1.3933209999999998,0.744146,0.017559
-1.396459,0.7473890000000001,0.016675
-1.399388,0.7505689999999999,0.015788
-1.402115,0.753688,0.014901
-1.404648,0.7567470000000001,0.014019
-1.406994,0.759748,0.0131449999999999
-1.40916,0.7626930000000001,0.012281
-1.411154,0.765584,0.011431
-1.412982,0.768421,0.010597
-1.41465,0.771207,0.009783
-1.416165,0.773943,0.008989
-1.417532,0.77663,0.008219
-1.418757,0.779271,0.007474
-1.419844,0.7818649999999999,0.006755
-1.420798,0.7844140000000001,0.006063
-1.421623,0.786918,0.005399
-1.422325,0.789377,0.004764
-1.422907,0.7917930000000001,0.004159
-1.423374,0.794165,0.003583
-1.423728,0.7964939999999999,0.003037
-1.423975,0.798782,0.002521
-1.424119,0.80103,0.002036
-1.4241620000000002,0.803237,0.00158
-1.42411,0.8054060000000001,0.001153
-1.423965,0.807537,0.000755
-1.423731,0.8096300000000001,0.000385
-1.423411,0.811684,4.3e-05
-1.423009,0.813701,-0.000274
-1.422527,0.815681,-0.000565
-1.421968,0.817623,-0.000832
-1.421337,0.8195290000000001,-0.001075
-1.420635,0.821398,-0.001295
-1.419867,0.8232309999999999,-0.0014939999999999
-1.419034,0.8250290000000001,-0.0016719999999999
-1.418139,0.826793,-0.001831
-1.417185,0.828523,-0.001971
-1.416174,0.8302209999999999,-0.002094
-1.415109,0.831886,-0.002201
-1.413992,0.833521,-0.002293
-1.412825,0.835125,-0.00237
-1.41161,0.8367,-0.002433
-1.41035,0.8382459999999999,-0.002485
-1.409046,0.8397629999999999,-0.002525
-1.406316,0.842714,-0.002574
-1.406316,0.842714,-0.002574
-1.403437,0.845556,-0.002587
-1.403437,0.845556,-0.002587
-1.4004219999999998,0.84829,-0.00257
-1.398869,0.849617,-0.002553
-1.3972870000000002,0.8509180000000001,-0.002529
-1.395678,0.852194,-0.002501
-1.394044,0.8534440000000001,-0.002468
-1.392386,0.854669,-0.002431
-1.390706,0.8558690000000001,-0.002392
-1.3890049999999998,0.857044,-0.002349
-1.387285,0.858196,-0.002304
-1.385547,0.859323,-0.002257
-1.383792,0.860427,-0.002208
-1.382021,0.8615079999999999,-0.0021579999999999
-1.380236,0.8625659999999999,-0.002107
-1.3784379999999998,0.8636020000000001,-0.002055
-1.376629,0.8646159999999999,-0.002002
-1.374808,0.865607,-0.00195
-1.372977,0.8665780000000001,-0.0018969999999999
-1.371138,0.867527,-0.0018449999999999
-1.369291,0.8684559999999999,-0.0017929999999999
-1.367437,0.8693639999999999,-0.001742
-1.365578,0.870252,-0.001691
-1.363714,0.8711209999999999,-0.001641
-1.361846,0.87197,-0.001592
-1.359974,0.8728,-0.001544
-1.3581,0.873611,-0.001497
-1.356225,0.8744040000000001,-0.001452
-1.354348,0.875178,-0.001407
-1.352472,0.875935,-0.001365
-1.350596,0.876674,-0.001323
-1.348722,0.877395,-0.001283
-1.346849,0.8781,-0.0012439999999999
-1.344979,0.8787870000000001,-0.001207
-1.343112,0.879459,-0.001172
-1.341249,0.880114,-0.001137
-1.339391,0.8807530000000001,-0.001105
-1.337537,0.881376,-0.001074
-1.335689,0.881984,-0.001044
-1.333846,0.8825770000000001,-0.001015
-1.332011,0.8831540000000001,-0.000988
-1.330182,0.883717,-0.000963
-1.328361,0.884265,-0.000938
-1.326548,0.884799,-0.000915
-1.324744,0.8853190000000001,-0.000893
-1.322948,0.885824,-0.000873
-1.321163,0.886316,-0.0008529999999999
-1.319387,0.8867940000000001,-0.0008349999999999
-1.3176219999999998,0.887259,-0.0008179999999999
-1.315867,0.88771,-0.000802
-1.314124,0.8881479999999999,-0.000787
-1.312391,0.888573,-0.000773
-1.310671,0.888985,-0.0007599999999999
-1.308964,0.889385,-0.0007469999999999
-1.307268,0.8897719999999999,-0.000736
-1.305586,0.8901479999999999,-0.000725
-1.303916,0.890511,-0.000715
-1.302259,0.890863,-0.0007059999999999
-1.300615,0.8912040000000001,-0.000697
-1.298985,0.891534,-0.0006889999999999
-1.297368,0.891854,-0.000681
-1.295764,0.8921629999999999,-0.000674
-1.294174,0.8924629999999999,-0.000667
-1.292598,0.892753,-0.000661
-1.291036,0.8930319999999999,-0.000655
-1.289489,0.893302,-0.00065
-1.287957,0.8935620000000001,-0.000645
-1.28644,0.893812,-0.00064
-1.284938,0.8940520000000001,-0.0006349999999999
-1.283452,0.8942829999999999,-0.0006309999999999
-1.281982,0.8945049999999999,-0.000627
-1.280527,0.894717,-0.0006219999999999
-1.279088,0.89492,-0.000619
-1.277665,0.895114,-0.000615
-1.276258,0.895299,-0.000611
-1.274866,0.8954770000000001,-0.000608
-1.273489,0.895647,-0.000605
-1.272128,0.89581,-0.000601
-1.270783,0.895965,-0.000598
-1.269454,0.8961129999999999,-0.000595
-1.266841,0.896387,-0.000589
-1.266841,0.896387,-0.000589
-1.265559,0.8965129999999999,-0.000586
-1.263043,0.8967450000000001,-0.00058
-1.261809,0.8968520000000001,-0.000576
-1.260592,0.8969520000000001,-0.000573
-1.25939,0.8970459999999999,-0.00057
-1.258204,0.897134,-0.0005679999999999
-1.257034,0.897216,-0.000565
-1.2558790000000002,0.897292,-0.000562
-1.25474,0.8973620000000001,-0.00056
-1.253617,0.8974260000000001,-0.000558
-1.252508,0.8974850000000001,-0.0005549999999999
-1.251415,0.897538,-0.000553
-1.250338,0.8975870000000001,-0.000551
-1.249275,0.8976299999999999,-0.000549
-1.248228,0.897669,-0.000546
-1.247197,0.8977040000000001,-0.000544
-1.2461799999999998,0.897734,-0.000542
-1.245179,0.89776,-0.00054
-1.244192,0.897782,-0.000537
-1.2432219999999998,0.8978010000000001,-0.000535
-1.242266,0.8978149999999999,-0.000533
-1.241325,0.897826,-0.000531
-1.240398,0.897833,-0.000529
-1.239487,0.8978360000000001,-0.0005269999999999
-1.238591,0.8978360000000001,-0.000524
-1.237709,0.897833,-0.000522
-1.236841,0.897826,-0.00052
-1.235988,0.897817,-0.000518
-1.235149,0.897804,-0.000516
-1.234324,0.897789,-0.0005139999999999
-1.233513,0.8977719999999999,-0.000512
-1.232716,0.8977510000000001,-0.0005099999999999
-1.231933,0.8977280000000001,-0.000507
-1.231163,0.897703,-0.000505
-1.230406,0.897675,-0.000503
-1.229663,0.897645,-0.0005009999999999
-1.228934,0.897611,-0.000499
-1.228217,0.897576,-0.000496
-1.227513,0.897538,-0.000494
-1.226823,0.897497,-0.000492
-1.226145,0.8974540000000001,-0.00049
-1.22548,0.897408,-0.000488
-1.224828,0.89736,-0.000486
-1.2241879999999998,0.897309,-0.000483
-1.22356,0.8972559999999999,-0.000481
-1.2229450000000002,0.897201,-0.000479
-1.222341,0.897143,-0.0004769999999999
-1.221749,0.897083,-0.000474
-1.22117,0.897021,-0.000472
-1.220602,0.896957,-0.00047
-1.220045,0.896891,-0.000468
-1.2195,0.8968229999999999,-0.000465
-1.218966,0.896752,-0.000463
-1.218443,0.896681,-0.000461
-1.217931,0.8966069999999999,-0.000458
-1.21743,0.896531,-0.0004559999999999
-1.216939,0.8964540000000001,-0.000454
-1.21646,0.896375,-0.0004509999999999
-1.21599,0.8962950000000001,-0.000449
-1.215531,0.8962129999999999,-0.0004469999999999
-1.215082,0.8961290000000001,-0.000444
-1.214643,0.8960450000000001,-0.000442
-1.214214,0.8959600000000001,-0.00044
-1.2137950000000002,0.895874,-0.0004379999999999
-1.213386,0.8957879999999999,-0.0004349999999999
-1.212986,0.895702,-0.000433
-1.212596,0.895616,-0.00043
-1.212215,0.8955299999999999,-0.0004269999999999
-1.211843,0.895443,-0.000425
-1.21148,0.895357,-0.0004219999999999
-1.211126,0.8952700000000001,-0.00042
-1.21078,0.895184,-0.0004179999999999
-1.210443,0.8950959999999999,-0.000415
-1.210116,0.895009,-0.000412
-1.209796,0.894921,-0.00041
-1.209485,0.894832,-0.000407
-1.208886,0.894652,-0.0004019999999999
-1.208598,0.894561,-0.0004
-1.208318,0.8944690000000001,-0.000398
-1.208318,0.8944690000000001,-0.000398
-1.207781,0.894286,-0.000393
-1.207525,0.8941950000000001,-0.000391
-1.207276,0.8941040000000001,-0.000388
-1.207034,0.894014,-0.000385
-1.2068,0.8939239999999999,-0.0003819999999999
-1.206572,0.893835,-0.0003799999999999
-1.206351,0.8937459999999999,-0.000377
-1.206136,0.8936569999999999,-0.000374
-1.205927,0.893568,-0.000372
-1.205724,0.8934799999999999,-0.00037
-1.2055280000000002,0.89339,-0.000368
-1.205338,0.893301,-0.000365
-1.205154,0.8932110000000001,-0.000363
-1.204977,0.8931209999999999,-0.00036
-1.204807,0.8930299999999999,-0.000358
-1.204643,0.8929389999999999,-0.0003549999999999
-1.204484,0.892847,-0.000352
-1.204331,0.892755,-0.00035
-1.204184,0.8926620000000001,-0.000347
-1.204041,0.892568,-0.000345
-1.203904,0.892474,-0.000342
-1.20377,0.892379,-0.0003399999999999
-1.203641,0.892284,-0.000338
-1.203515,0.8921889999999999,-0.000336
-1.203394,0.892094,-0.000334
-1.2032770000000002,0.892,-0.000332
-1.203164,0.891908,-0.00033
-1.203057,0.891818,-0.000328
-1.202954,0.8917290000000001,-0.000325
-1.202857,0.8916430000000001,-0.000322
-1.202766,0.891559,-0.000319
-1.20268,0.8914770000000001,-0.000316
-1.202599,0.891396,-0.000314
-1.202524,0.891318,-0.0003109999999999
-1.202453,0.891241,-0.000308
-1.202387,0.891165,-0.000305
-1.202325,0.8910889999999999,-0.000302
-1.202267,0.891015,-0.000299
-1.202212,0.890941,-0.000297
-1.202161,0.890868,-0.000294
-1.202113,0.8907940000000001,-0.000292
-1.202068,0.8907209999999999,-0.00029
-1.202026,0.890648,-0.000287
-1.201986,0.890575,-0.000285
-1.20195,0.890501,-0.0002819999999999
-1.201916,0.8904280000000001,-0.00028
-1.201884,0.8903549999999999,-0.000278
-1.201854,0.890281,-0.000275
-1.201828,0.890208,-0.000273
-1.201803,0.890134,-0.000271
-1.201781,0.8900610000000001,-0.000268
-1.20176,0.8899870000000001,-0.000266
-1.201742,0.889913,-0.000263
-1.201727,0.8898389999999999,-0.000261
-1.2017129999999998,0.889766,-0.000258
-1.201701,0.889692,-0.000256
-1.201691,0.889618,-0.000254
-1.201683,0.889544,-0.000251
-1.201678,0.8894700000000001,-0.000249
-1.201674,0.889395,-0.000246
-1.201672,0.8893209999999999,-0.000244
-1.201671,0.8892479999999999,-0.000242
-1.201673,0.889175,-0.0002399999999999
-1.201676,0.8891040000000001,-0.000237
-1.201682,0.889034,-0.000235
-1.201688,0.8889670000000001,-0.0002319999999999
-1.201696,0.8889020000000001,-0.0002299999999999
-1.201706,0.88884,-0.000227
-1.201718,0.8887790000000001,-0.000224
-1.20173,0.8887219999999999,-0.000222
-1.201744,0.888666,-0.0002189999999999
-1.20176,0.8886120000000001,-0.000216
-1.201777,0.88856,-0.000214
-1.2017950000000002,0.88851,-0.0002109999999999
-1.201815,0.88846,-0.000208
-1.201858,0.8883629999999999,-0.0002029999999999
-1.201858,0.8883629999999999,-0.0002029999999999
-1.201907,0.8882700000000001,-0.000198
-1.201933,0.888223,-0.000196
-1.20196,0.888177,-0.000193
-1.201989,0.8881319999999999,-0.0001909999999999
-1.202019,0.888086,-0.000188
-1.202051,0.888041,-0.000186
-1.202083,0.8879959999999999,-0.000184
-1.202117,0.887951,-0.000181
-1.202152,0.887907,-0.000179
-1.2021879999999998,0.887862,-0.000177
-1.202225,0.887818,-0.000175
-1.202264,0.887774,-0.000173
-1.202303,0.8877290000000001,-0.000172
-1.202343,0.8876850000000001,-0.0001699999999999
-1.202384,0.887641,-0.000169
-1.202427,0.887597,-0.000168
-1.20247,0.887553,-0.000167
-1.202513,0.887509,-0.000166
-1.202558,0.887465,-0.000164
-1.202604,0.8874209999999999,-0.000164
-1.20265,0.8873770000000001,-0.0001629999999999
-1.202698,0.8873340000000001,-0.000162
-1.202746,0.8872899999999999,-0.000161
-1.202795,0.8872459999999999,-0.00016
-1.202844,0.8872030000000001,-0.00016
-1.202895,0.887159,-0.000159
-1.202947,0.887116,-0.000159
-1.202999,0.887073,-0.000158
-1.203052,0.8870299999999999,-0.000158
-1.203106,0.8869870000000001,-0.000157
-1.20316,0.8869440000000001,-0.000157
-1.203216,0.886901,-0.000157
-1.203272,0.886858,-0.000157
-1.203329,0.8868149999999999,-0.000157
-1.203387,0.8867719999999999,-0.000156
-1.203445,0.8867299999999999,-0.000156
-1.203504,0.8866870000000001,-0.000156
-1.203564,0.8866450000000001,-0.000156
-1.203624,0.886602,-0.000156
-1.203685,0.88656,-0.000156
-1.203747,0.886517,-0.000156
-1.203809,0.886475,-0.000156
-1.203871,0.886432,-0.000156
-1.203935,0.886389,-0.000156
-1.203999,0.8863469999999999,-0.000157
-1.204063,0.8863059999999999,-0.000157
-1.204128,0.886266,-0.000157
-1.204193,0.886228,-0.000157
-1.204257,0.886191,-0.000157
-1.204321,0.886158,-0.000156
-1.204384,0.886127,-0.000156
-1.204445,0.886099,-0.000156
-1.204504,0.886073,-0.000156
-1.204561,0.886049,-0.000156
-1.204616,0.886027,-0.000157
-1.204669,0.886007,-0.000157
-1.20472,0.8859889999999999,-0.000157
-1.20477,0.885972,-0.000158
-1.204818,0.885956,-0.000158
-1.204866,0.885942,-0.000158
-1.204912,0.885927,-0.000158
-1.204958,0.885914,-0.000159
-1.205003,0.885901,-0.000159
-1.205048,0.8858889999999999,-0.000159
-1.205093,0.885877,-0.000159
-1.2051379999999998,0.885865,-0.000159
-1.205183,0.8858530000000001,-0.000159
-1.205228,0.885842,-0.00016
-1.205273,0.8858299999999999,-0.00016
-1.205318,0.885819,-0.00016
-1.205363,0.885808,-0.00016
-1.205408,0.885797,-0.00016
-1.205453,0.8857860000000001,-0.00016
-1.205498,0.885775,-0.00016
-1.205543,0.8857649999999999,-0.000161
-1.205589,0.885754,-0.000161
-1.205634,0.8857440000000001,-0.000161
-1.205726,0.8857229999999999,-0.000161
-1.205726,0.8857229999999999,-0.000161
-1.2057719999999998,0.885713,-0.000161
-1.205819,0.885704,-0.000161
-1.205912,0.8856850000000001,-0.000161
-1.205959,0.885675,-0.000162
-1.206006,0.885666,-0.000162
-1.206053,0.8856569999999999,-0.000162
-1.206101,0.885648,-0.000162
-1.206148,0.885639,-0.000162
-1.2061959999999998,0.885631,-0.000162
-1.206244,0.8856219999999999,-0.000162
-1.206293,0.8856139999999999,-0.000162
-1.206341,0.885605,-0.000162
-1.206389,0.885597,-0.000162
-1.206438,0.885589,-0.000162
-1.206486,0.885581,-0.000162
-1.206535,0.8855719999999999,-0.000162
-1.206583,0.8855639999999999,-0.000162
-1.206632,0.8855559999999999,-0.000162
-1.206681,0.885548,-0.000162
-1.20673,0.885539,-0.000162
-1.206779,0.885531,-0.000162
-1.206828,0.885523,-0.000162
-1.206877,0.8855149999999999,-0.000162
-1.206926,0.8855069999999999,-0.000162
-1.206976,0.8854989999999999,-0.000162
-1.207026,0.885491,-0.000162
-1.207076,0.885483,-0.000162
-1.207126,0.885475,-0.000162
-1.207176,0.885468,-0.000162
-1.207226,0.88546,-0.000162
-1.207275,0.885452,-0.000161
-1.207322,0.885445,-0.000161
-1.207367,0.885437,-0.000161
-1.20741,0.8854290000000001,-0.000161
-1.20745,0.8854219999999999,-0.000162
-1.207488,0.8854139999999999,-0.000162
-1.207524,0.8854069999999999,-0.000162
-1.207558,0.8853989999999999,-0.000162
-1.207589,0.885392,-0.0001629999999999
-1.207619,0.8853840000000001,-0.0001629999999999
-1.207647,0.8853770000000001,-0.0001629999999999
-1.207674,0.8853690000000001,-0.0001629999999999
-1.2077,0.8853620000000001,-0.0001629999999999
-1.207724,0.8853540000000001,-0.0001629999999999
-1.207749,0.8853469999999999,-0.0001629999999999
-1.2077719999999998,0.885339,-0.0001629999999999
-1.2077950000000002,0.885332,-0.000162
-1.207819,0.885324,-0.000162
-1.207841,0.885317,-0.000162
-1.207864,0.885309,-0.000162
-1.207886,0.885302,-0.000162
-1.207908,0.885294,-0.000162
-1.20793,0.885286,-0.000161
-1.207952,0.885279,-0.000161
-1.207974,0.8852709999999999,-0.000161
-1.2079959999999998,0.8852629999999999,-0.000161
-1.208018,0.8852549999999999,-0.000161
-1.20804,0.8852469999999999,-0.000161
-1.208062,0.8852389999999999,-0.000161
-1.208084,0.885231,-0.000161
-1.208106,0.885223,-0.00016
-1.208128,0.885215,-0.00016
-1.20815,0.885207,-0.00016
-1.208171,0.885199,-0.00016
-1.208193,0.8851899999999999,-0.00016
-1.208214,0.885182,-0.00016
-1.208236,0.885173,-0.00016
-1.208257,0.885164,-0.00016
-1.208278,0.8851549999999999,-0.00016
-1.208299,0.8851459999999999,-0.00016
-1.20832,0.8851370000000001,-0.00016
-1.20834,0.885128,-0.000159
-1.208361,0.8851190000000001,-0.000159
-1.208382,0.885109,-0.000159
-1.208403,0.8851,-0.000159
-1.208424,0.8850899999999999,-0.000159
-1.208465,0.8850709999999999,-0.000159
-1.208486,0.8850620000000001,-0.000159
-1.208507,0.8850520000000001,-0.000159
-1.208528,0.885043,-0.000159
-1.208549,0.885033,-0.000159
-1.20857,0.885024,-0.000159
-1.208591,0.885014,-0.000159
-1.208612,0.8850049999999999,-0.000158
-1.208633,0.8849950000000001,-0.000158
-1.208655,0.884986,-0.000158
-1.208676,0.884976,-0.000158
-1.208697,0.884966,-0.000158
-1.208718,0.884956,-0.000158
-1.20874,0.8849459999999999,-0.000158
-1.208761,0.8849360000000001,-0.000158
-1.208782,0.884926,-0.000158
-1.208803,0.884915,-0.000158
-1.208824,0.8849049999999999,-0.000158
-1.2088450000000002,0.8848940000000001,-0.000158
-1.208866,0.884884,-0.000158
-1.208887,0.8848729999999999,-0.000158
-1.208909,0.884862,-0.000158
-1.2089299999999998,0.8848520000000001,-0.000158
-1.208951,0.884841,-0.000158
-1.208972,0.8848299999999999,-0.000158
-1.208994,0.884819,-0.000157
-1.209015,0.884808,-0.000157
-1.209036,0.884797,-0.000157
-1.209058,0.8847860000000001,-0.000157
-1.209079,0.884774,-0.000157
-1.2091,0.884762,-0.000157
-1.209121,0.88475,-0.000157
-1.209142,0.8847379999999999,-0.000157
-1.209163,0.884726,-0.000158
-1.209184,0.8847139999999999,-0.000158
-1.209206,0.8847010000000001,-0.000158
-1.209227,0.884689,-0.000158
-1.209248,0.884676,-0.000158
-1.209269,0.8846629999999999,-0.000158
-1.209291,0.88465,-0.000158
-1.2093120000000002,0.8846370000000001,-0.000158
-1.209334,0.884624,-0.000158
-1.209355,0.88461,-0.000158
-1.209377,0.884597,-0.000158
-1.209399,0.884584,-0.000158
-1.209421,0.8845700000000001,-0.000158
-1.209443,0.8845569999999999,-0.000158
-1.209466,0.8845430000000001,-0.000158
-1.209488,0.8845290000000001,-0.000158
-1.209511,0.884516,-0.000158
-1.209534,0.884502,-0.000158
-1.209557,0.8844879999999999,-0.000158
-1.20958,0.884474,-0.000158
-1.209603,0.884461,-0.000158
-1.209626,0.884447,-0.000158
-1.20965,0.884433,-0.000158
-1.209674,0.8844190000000001,-0.000158
-1.209698,0.8844059999999999,-0.000158
-1.209722,0.884392,-0.000158
-1.209746,0.8843780000000001,-0.000158
-1.20977,0.8843639999999999,-0.000158
-1.2097950000000002,0.88435,-0.000158
-1.209819,0.884336,-0.000158
-1.209844,0.8843219999999999,-0.000158
-1.209868,0.884308,-0.000158
-1.209893,0.884293,-0.000158
-1.209918,0.884279,-0.000158
-1.209944,0.884265,-0.000158
-1.20997,0.88425,-0.000158
-1.2099950000000002,0.884236,-0.000158
-1.210021,0.8842209999999999,-0.000158
-1.210047,0.8842059999999999,-0.000158
-1.210073,0.884192,-0.000158
-1.210099,0.884177,-0.000158
-1.210125,0.8841620000000001,-0.000158
-1.210151,0.8841479999999999,-0.000157
-1.210176,0.884133,-0.000157
-1.210199,0.8841180000000001,-0.000157
-1.21022,0.8841030000000001,-0.000157
-1.210255,0.884073,-0.000157
-1.210255,0.884073,-0.000157
-1.21028,0.884042,-0.000158
-1.210288,0.884027,-0.000159
-1.210288,0.884027,-0.000159
-1.210299,0.8839950000000001,-0.000159
-1.210302,0.8839790000000001,-0.00016
-1.210303,0.8839629999999999,-0.00016
-1.210303,0.8839459999999999,-0.00016
-1.210302,0.8839299999999999,-0.00016
-1.210301,0.883913,-0.00016
-1.210298,0.8838959999999999,-0.00016
-1.210295,0.8838790000000001,-0.00016
-1.210292,0.883862,-0.00016
-1.210288,0.8838450000000001,-0.00016
-1.210284,0.8838280000000001,-0.00016
-1.21028,0.88381,-0.00016
-1.210276,0.883793,-0.00016
-1.210272,0.883775,-0.00016
-1.210267,0.883757,-0.00016
-1.210263,0.8837389999999999,-0.00016
-1.210258,0.8837209999999999,-0.00016
-1.210253,0.883703,-0.000159
-1.210248,0.883685,-0.000159
-1.210244,0.883667,-0.000159
-1.2102389999999998,0.883649,-0.000159
-1.210234,0.8836309999999999,-0.000159
-1.210229,0.8836129999999999,-0.000159
-1.210224,0.883595,-0.000159
-1.2102190000000002,0.8835770000000001,-0.000159
-1.210214,0.883559,-0.000159
-1.210209,0.88354,-0.000159
-1.210203,0.8835219999999999,-0.000159
-1.210198,0.8835040000000001,-0.000159
-1.210193,0.8834850000000001,-0.000159
-1.210187,0.883467,-0.000159
-1.210182,0.8834489999999999,-0.000159
-1.210176,0.8834299999999999,-0.000159
-1.21017,0.8834120000000001,-0.000159
-1.210165,0.883394,-0.000159
-1.21016,0.8833780000000001,-0.00016
-1.2101540000000002,0.8833629999999999,-0.00016
-1.210148,0.88335,-0.00016
-1.210143,0.883339,-0.00016
-1.210137,0.883331,-0.000159
-1.210132,0.883325,-0.000159
-1.210127,0.8833219999999999,-0.000159
-1.210121,0.8833209999999999,-0.000159
-1.210116,0.8833219999999999,-0.000159
-1.21011,0.883325,-0.000158
-1.210105,0.88333,-0.000158
-1.210099,0.883336,-0.000158
-1.210094,0.883343,-0.000158
-1.2100879999999998,0.883352,-0.000158
-1.210082,0.8833610000000001,-0.000158
-1.210077,0.8833700000000001,-0.000158
-1.210071,0.883381,-0.000158
-1.210066,0.883392,-0.000158
-1.210061,0.883403,-0.000158
-1.210055,0.8834139999999999,-0.000158
-1.21005,0.883426,-0.000158
-1.210044,0.883437,-0.000158
-1.210038,0.8834489999999999,-0.000158
-1.210032,0.883461,-0.000158
-1.210026,0.883473,-0.000158
-1.21002,0.883484,-0.000159
-1.210013,0.883496,-0.000159
-1.210007,0.883508,-0.000159
-1.210001,0.8835200000000001,-0.000159
-1.2099950000000002,0.883531,-0.000159
-1.2099879999999998,0.883552,-0.000159
-1.2099879999999998,0.883552,-0.000159
-1.209989,0.8835649999999999,-0.000159
-1.209994,0.883568,-0.000159
-1.210001,0.883569,-0.000159
-1.210011,0.883567,-0.000159
-1.2100229999999998,0.8835629999999999,-0.000159
-1.210037,0.8835569999999999,-0.000159
-1.210053,0.883549,-0.000159
-1.210071,0.883539,-0.000159
-1.21009,0.8835280000000001,-0.000159
-1.21011,0.8835149999999999,-0.000159
-1.21013,0.883501,-0.000159
-1.21015,0.8834870000000001,-0.000159
-1.210169,0.8834719999999999,-0.000159
-1.2101879999999998,0.8834559999999999,-0.000159
-1.210206,0.88344,-0.000159
-1.210223,0.883424,-0.000159
-1.21024,0.883408,-0.00016
-1.210255,0.883393,-0.00016
-1.2102700000000002,0.8833799999999999,-0.00016
-1.210285,0.883368,-0.000161
-1.210299,0.883359,-0.000161
-1.210312,0.883352,-0.00016
-1.210326,0.8833479999999999,-0.00016
-1.2103389999999998,0.883346,-0.00016
-1.210352,0.883346,-0.00016
-1.210365,0.8833489999999999,-0.000159
-1.2103780000000002,0.883353,-0.000159
-1.210392,0.883359,-0.000159
-1.210405,0.883366,-0.000159
-1.210418,0.883375,-0.000159
-1.210431,0.8833840000000001,-0.000159
-1.210445,0.883393,-0.000159
-1.210459,0.8834040000000001,-0.000159
-1.210473,0.8834139999999999,-0.000159
-1.210487,0.883425,-0.000159
-1.210501,0.8834360000000001,-0.000159
-1.210516,0.883447,-0.000159
-1.210531,0.883459,-0.000159
-1.210545,0.8834700000000001,-0.000158
-1.210561,0.883482,-0.000159
-1.210576,0.883494,-0.000159
-1.210592,0.8835059999999999,-0.000158
-1.210607,0.883518,-0.000158
-1.210623,0.8835299999999999,-0.000158
-1.21064,0.883541,-0.000158
-1.210656,0.883551,-0.000158
-1.210672,0.88356,-0.000158
-1.210689,0.883566,-0.000158
-1.210706,0.8835709999999999,-0.000158
-1.210723,0.8835719999999999,-0.000158
-1.21074,0.8835719999999999,-0.000158
-1.210757,0.883569,-0.000159
-1.210775,0.8835629999999999,-0.000159
-1.210793,0.8835559999999999,-0.000159
-1.210811,0.883547,-0.00016
-1.210828,0.8835360000000001,-0.00016
-1.210846,0.883525,-0.00016
-1.210864,0.883511,-0.00016
-1.210881,0.883497,-0.00016
-1.210897,0.883483,-0.000159
-1.210913,0.883467,-0.000159
-1.210927,0.88345,-0.00016
-1.21094,0.883433,-0.00016
-1.210951,0.883416,-0.00016
-1.210961,0.8833989999999999,-0.000161
-1.21097,0.883382,-0.000161
-1.210978,0.883368,-0.000161
-1.210985,0.8833540000000001,-0.000161
-1.210991,0.883343,-0.000161
-1.210997,0.883335,-0.000161
-1.211001,0.8833280000000001,-0.000161
-1.211005,0.883324,-0.000161
-1.211009,0.883323,-0.000161
-1.211013,0.883323,-0.00016
-1.211016,0.883325,-0.00016
-1.211019,0.8833280000000001,-0.00016
-1.211024,0.883339,-0.000159
-1.211027,0.883345,-0.000159
-1.211029,0.883352,-0.000159
-1.211032,0.88336,-0.000159
-1.211032,0.88336,-0.000159
-1.211037,0.8833770000000001,-0.000159
-1.211039,0.8833850000000001,-0.000159
-1.211042,0.883394,-0.000159
-1.211045,0.883403,-0.000159
-1.211048,0.8834120000000001,-0.000159
-1.21105,0.8834219999999999,-0.000159
-1.2110530000000002,0.883431,-0.000159
-1.211056,0.883441,-0.000159
-1.211059,0.88345,-0.000159
-1.211062,0.88346,-0.000159
-1.211065,0.8834690000000001,-0.000159
-1.211068,0.8834790000000001,-0.000159
-1.211071,0.883489,-0.000159
-1.211074,0.8834989999999999,-0.000159
-1.211077,0.883509,-0.000159
-1.21108,0.883518,-0.000159
-1.211084,0.8835270000000001,-0.000158
-1.211087,0.8835350000000001,-0.000158
-1.21109,0.883541,-0.000158
-1.211093,0.883545,-0.000158
-1.211096,0.883547,-0.000158
-1.211099,0.883547,-0.000159
-1.211103,0.8835430000000001,-0.000159
-1.211106,0.8835379999999999,-0.000159
-1.21111,0.8835299999999999,-0.000159
-1.211114,0.8835200000000001,-0.00016
-1.211117,0.883509,-0.00016
-1.211121,0.883495,-0.00016
-1.211125,0.883481,-0.00016
-1.211129,0.883466,-0.00016
-1.211133,0.8834489999999999,-0.00016
-1.211137,0.883433,-0.000161
-1.211141,0.883415,-0.000161
-1.211145,0.8833989999999999,-0.000161
-1.21115,0.883382,-0.000161
-1.211154,0.883368,-0.000161
-1.211158,0.8833540000000001,-0.000161
-1.211163,0.883344,-0.000161
-1.211167,0.883335,-0.000161
-1.211172,0.8833290000000001,-0.000161
-1.211176,0.883325,-0.00016
-1.21118,0.883323,-0.00016
-1.211185,0.883323,-0.00016
-1.2111889999999998,0.883325,-0.000159
-1.211193,0.8833280000000001,-0.000159
-1.211198,0.883333,-0.000159
-1.211202,0.883338,-0.000159
-1.211206,0.883344,-0.000159
-1.211211,0.883351,-0.000159
-1.211215,0.883359,-0.000159
-1.21122,0.883366,-0.000159
-1.211225,0.883375,-0.000159
-1.21123,0.883383,-0.000159
-1.211235,0.883391,-0.000159
-1.21124,0.8834,-0.000159
-1.211245,0.883409,-0.000159
-1.21125,0.883417,-0.000159
-1.211254,0.883426,-0.000159
-1.211259,0.8834350000000001,-0.000159
-1.211264,0.883443,-0.000159
-1.211268,0.883451,-0.000159
-1.211273,0.883459,-0.000159
-1.211277,0.883467,-0.000159
-1.21128,0.883475,-0.000159
-1.211284,0.883483,-0.000159
-1.211288,0.883491,-0.000159
-1.211292,0.883498,-0.000159
-1.211296,0.8835059999999999,-0.000159
-1.211299,0.8835129999999999,-0.000159
-1.211303,0.883519,-0.000159
-1.211307,0.883524,-0.000158
-1.211315,0.8835270000000001,-0.000159
-1.211315,0.8835270000000001,-0.000159
-1.211322,0.8835200000000001,-0.000159
-1.211326,0.8835129999999999,-0.000159
-1.211331,0.883503,-0.000159
-1.211335,0.883492,-0.00016
-1.211339,0.8834780000000001,-0.00016
-1.211344,0.8834629999999999,-0.00016
-1.211348,0.883446,-0.00016
-1.211352,0.8834280000000001,-0.00016
-1.211357,0.88341,-0.000161
-1.211362,0.883391,-0.000161
-1.211367,0.883373,-0.000161
-1.211372,0.8833559999999999,-0.000161
-1.211377,0.8833409999999999,-0.000161
-1.211382,0.8833280000000001,-0.000161
-1.211387,0.883317,-0.000161
-1.211392,0.883309,-0.000161
-1.2113969999999998,0.883302,-0.00016
-1.211402,0.8832979999999999,-0.00016
-1.211407,0.8832959999999999,-0.00016
-1.2114120000000002,0.883295,-0.000159
-1.211417,0.8832959999999999,-0.000159
-1.211422,0.8832979999999999,-0.000159
-1.211427,0.8833,-0.000159
-1.211432,0.8833040000000001,-0.000159
-1.211437,0.883308,-0.000159
-1.211443,0.8833129999999999,-0.000159
-1.211448,0.883318,-0.000159
-1.211453,0.883323,-0.000159
-1.211459,0.8833290000000001,-0.000159
-1.211464,0.883335,-0.000159
-1.21147,0.88334,-0.000159
-1.211475,0.883346,-0.000159
-1.211482,0.883352,-0.000159
-1.211488,0.883359,-0.000159
-1.211494,0.883365,-0.000159
-1.2115,0.8833709999999999,-0.000159
-1.211507,0.8833780000000001,-0.000159
-1.2115129999999998,0.8833840000000001,-0.000159
-1.2115200000000002,0.88339,-0.000159
-1.211526,0.883397,-0.000159
-1.211533,0.883403,-0.000159
-1.21154,0.883409,-0.000159
-1.211546,0.883416,-0.000159
-1.211553,0.8834219999999999,-0.000159
-1.21156,0.8834290000000001,-0.000159
-1.211567,0.8834350000000001,-0.00016
-1.211575,0.8834420000000001,-0.00016
-1.211582,0.8834489999999999,-0.00016
-1.211589,0.8834559999999999,-0.00016
-1.211597,0.8834620000000001,-0.00016
-1.211604,0.8834690000000001,-0.00016
-1.211611,0.883476,-0.00016
-1.211619,0.883483,-0.00016
-1.211627,0.883491,-0.00016
-1.211635,0.883498,-0.00016
-1.211643,0.8835049999999999,-0.000159
-1.211651,0.883511,-0.000159
-1.211659,0.883516,-0.000159
-1.211667,0.8835200000000001,-0.000159
-1.211675,0.8835219999999999,-0.000159
-1.211683,0.8835219999999999,-0.000159
-1.211691,0.883519,-0.000159
-1.211699,0.8835139999999999,-0.000159
-1.211708,0.8835059999999999,-0.00016
-1.211717,0.883496,-0.00016
-1.211725,0.883484,-0.00016
-1.211734,0.8834700000000001,-0.00016
-1.211743,0.8834540000000001,-0.000161
-1.211752,0.883437,-0.000161
-1.211761,0.8834190000000001,-0.000161
-1.211771,0.883401,-0.000161
-1.21178,0.883382,-0.000162
-1.21179,0.883365,-0.000162
-1.211799,0.8833489999999999,-0.000162
-1.211809,0.883335,-0.000161
-1.211819,0.8833219999999999,-0.000161
-1.211828,0.8833120000000001,-0.000161
-1.211838,0.8833040000000001,-0.00016
-1.211848,0.883299,-0.00016
-1.211858,0.883295,-0.00016
-1.211868,0.883293,-0.000159
-1.211888,0.883293,-0.000159
-1.211897,0.883295,-0.000159
-1.211907,0.8832979999999999,-0.000159
-1.211917,0.883301,-0.000159
-1.211928,0.8833049999999999,-0.000159
-1.211938,0.883309,-0.000159
-1.211948,0.8833139999999999,-0.000159
-1.211958,0.8833190000000001,-0.000159
-1.211969,0.883323,-0.000159
-1.211979,0.8833290000000001,-0.000159
-1.21199,0.8833340000000001,-0.000159
-1.212,0.883339,-0.000159
-1.212011,0.883344,-0.000159
-1.212022,0.88335,-0.000159
-1.212033,0.8833549999999999,-0.000159
-1.212044,0.8833610000000001,-0.000159
-1.212055,0.883366,-0.000159
-1.212066,0.8833719999999999,-0.000159
-1.212077,0.8833770000000001,-0.000159
-1.2120879999999998,0.883383,-0.000159
-1.2121,0.883388,-0.000159
-1.212112,0.883394,-0.000159
-1.212123,0.8834,-0.000159
-1.212135,0.8834059999999999,-0.000159
-1.212147,0.8834120000000001,-0.000159
-1.212158,0.883417,-0.000159
-1.21217,0.883423,-0.000159
-1.212182,0.8834290000000001,-0.000159
-1.212194,0.8834350000000001,-0.000159
-1.212206,0.883441,-0.000159
-1.212218,0.883447,-0.000159
-1.21223,0.883453,-0.000159
-1.212241,0.883459,-0.000159
-1.212252,0.8834639999999999,-0.000159
